"FormKey","EditorID","Gated","Class"
"07161C:Skyrim.esm","LootCWSonsGoldBoss","True","container-only"
"01913D:Dawnguard.esm","DLC1LItemGargoyleMineralsRaw75","False","unreached"
"01E0C8:Dragonborn.esm","DLC2DeathItemEbonyWarrior","False","unreached"
"01C1F1:Skyrim.esm","SublistEnchOrcishGreatswordStamina","True","both"
"0374FC:Dragonborn.esm","DLC2LItemMiscVendorArmor75","False","container-only"
"10D95E:Skyrim.esm","LItemFoodAppleRedSmall","False","container-only"
"02AAD5:Dragonborn.esm","DLC2SublistEnchNordicWarhammerStamina","True","container-only"
"016E21:Skyrim.esm","LItemRobesCollegeRestoration","True","container-only"
"05ADA5:Skyrim.esm","LItemOreObsidian","False","unreached"
"0ABF4B:Skyrim.esm","OutfitListGuardSons","False","actor-only"
"0AE742:Skyrim.esm","SublistEnchOrcishBowStamina","True","both"
"0173D3:Skyrim.esm","LItemBlacksmithSpecialLoot10","False","container-only"
"10FAC3:Skyrim.esm","LootForswornIngredients25","False","actor-only"
"0F6280:Skyrim.esm","LItemBlacksmithMinMace","True","container-only"
"0DDD85:Skyrim.esm","LItemEnchEbonyWarhammerBoss","False","unreached"
"04B577:Skyrim.esm","SublistEnchIronWarAxeFrost","True","both"
"02B0C1:Dragonborn.esm","DLC2SublistEnchNordicDaggerShock","True","container-only"
"0899F0:Skyrim.esm","SublistEnchGlassMaceStamina","True","both"
"0B4221:Skyrim.esm","LItemEnchArmorLightCuirass","True","both"
"0B5101:Skyrim.esm","SublistEnchArmorSteelHelmet01","False","both"
"10D95D:Skyrim.esm","LItemFoodAppleGreenSmall","False","container-only"
"10FABE:Skyrim.esm","BaseArrowForsworn75","False","actor-only"
"10BF6F:Skyrim.esm","LItemFoodAppleRed75","False","container-only"
"065A7F:Skyrim.esm","LItemPoisonDrainAllSkills","False","both"
"0A0933:Skyrim.esm","LItemWerewolfWeapon05","False","unreached"
"10FAB3:Skyrim.esm","LItemStaff75NPC","False","actor-only"
"103AD4:Skyrim.esm","LootDwarvenSphereSoulGem50","False","unreached"
"0899CB:Skyrim.esm","SublistEnchGlassBowFear","True","both"
"037C1E:Skyrim.esm","LItemBanditBattleaxe","True","actor-only"
"0FD9A1:Skyrim.esm","SublistEnchArmorEbonyCuirass05","False","both"
"071529:Skyrim.esm","LootCWSonsWeapon15","False","container-only"
"10FAB6:Skyrim.esm","LootForswornRandom","False","actor-only"
"000F51:Skyrim.esm","SublistEnchArmorShield04Dragonscale05","False","both"
"065A78:Skyrim.esm","LItemPoisonDrainMarksman","False","both"
"089DB2:Skyrim.esm","SublistEnchEbonyDaggerShock","True","both"
"02AAE2:Dragonborn.esm","DLC2SublistEnchNordicSwordFire","True","container-only"
"0A44C8:Skyrim.esm","LItemScroll25Skill","False","unreached"
"0B5102:Skyrim.esm","SublistEnchArmorSteelHelmet02","False","both"
"04B57C:Skyrim.esm","SublistEnchSteelWarAxeFire","True","both"
"100E71:Skyrim.esm","LItemEnchRingLockpicking","True","both"
"08B651:Skyrim.esm","SublistEnchArmorDwarvenHelmet03","False","both"
"107326:Skyrim.esm","SublistEnchGlassSwordAbsorbMagicka","True","both"
"039BBE:Dragonborn.esm","DLC2OutfitSkaalHatChance50","False","actor-only"
"10C1FE:Skyrim.esm","LItemIngredientSpiderEgg","False","container-only"
"070C20:Skyrim.esm","LItemDwarvenOnlyArmor","False","container-only"
"000E88:Skyrim.esm","LootBanditChestBossMagicItem100","False","unreached"
"039ED8:Skyrim.esm","LItemPotionFortifyIllusion","True","both"
"0FD9EF:Skyrim.esm","SublistEnchArmorGlassCuirass04","False","both"
"01DBC6:Dragonborn.esm","DLC2dunKolbjornLItemMinerClothes01","False","actor-only"
"032FE9:Skyrim.esm","LItemVampireClothes","False","unreached"
"02DF9E:Skyrim.esm","LItemVampireWeaponBow","True","unreached"
"01D294:Skyrim.esm","SublistEnchElvenDaggerFear","True","both"
"02BC29:Dragonborn.esm","DLC2LItemEnchArmorLightGauntletsSpecial","True","container-only"
"0CB3C0:Skyrim.esm","LItemEnchGlassWeaponMagicka","False","unreached"
"03DF1C:Skyrim.esm","LItemBanditBossWeapon1H","False","actor-only"
"10734E:Skyrim.esm","LItemEnchCircletAll75","False","unreached"
"0F84C7:Skyrim.esm","TGPotionofPlunder","True","container-only"
"08993F:Skyrim.esm","LItemEnchWeaponStamina","True","unreached"
"092A09:Skyrim.esm","SublistEnchArmorSteelPlateBoots02","False","both"
"02B9E8:Dragonborn.esm","DLC2SublistEnchStalhrimWarAxeSoulTrap","True","both"
"08992F:Skyrim.esm","LItemEnchWeaponDagger","True","both"
"05BEFE:Skyrim.esm","SublistEnchIronSwordStamina","True","both"
"0FD9FA:Skyrim.esm","SublistEnchArmorGlassShield03","False","both"
"01FF09:Dragonborn.esm","DLC2LItemArmorShieldHeavyBest","True","container-only"
"1072F7:Skyrim.esm","SublistEnchEbonyGreatswordAbsorbStamina","True","both"
"107321:Skyrim.esm","SublistEnchGlassGreatswordAbsorbStamina","True","both"
"02B9D0:Dragonborn.esm","DLC2SublistEnchStalhrimWarAxeAbsorbMagicka","True","both"
"0B50FF:Skyrim.esm","SublistEnchArmorSteelGauntlets02","False","both"
"07D975:Skyrim.esm","SublistThalmorElvenGildedArmorNoHelmet","False","actor-only"
"039ED9:Skyrim.esm","LItemPotionFortifyOneHanded","True","both"
"100E67:Skyrim.esm","LItemEnchRingAlchemy","False","both"
"02B0E1:Dragonborn.esm","DLC2SublistEnchStalhrimBattleaxeMagicka","True","container-only"
"071024:Skyrim.esm","LootVampireScrolls100","False","container-only"
"08991B:Skyrim.esm","SublistEnchIronGreatswordMagicka","True","both"
"107318:Skyrim.esm","SublistEnchElvenWarhammerAbsorbStamina","True","both"
"0B50FA:Skyrim.esm","SublistEnchArmorSteelBoots03","False","both"
"0F6F26:Skyrim.esm","SublistArmorSteelCuirassVariants","False","both"
"03B0CA:Skyrim.esm","dunSilentMoonsLItemEnchIronWarAxe","True","unreached"
"10730C:Skyrim.esm","SublistEnchElvenGreatswordAbsorbStamina","True","both"
"08B604:Skyrim.esm","SublistEnchDaedricGreatswordFrost","True","both"
"01A178:Dawnguard.esm","DLC1LItemKeeperShieldWeapon","True","actor-only"
"0FD9D2:Skyrim.esm","SublistEnchArmorDragonplateGauntlets04","False","both"
"071137:Skyrim.esm","LootHagravenEnchWeapons15","False","container-only"
"0ABF3C:Skyrim.esm","ArmorImperialStuddedSetNoHelmet","False","actor-only"
"0350A1:Skyrim.esm","LootWarlockChestPotions100","False","both"
"0714AB:Skyrim.esm","LootCWImperialsChestPotions100","False","container-only"
"0A2984:Skyrim.esm","LItemSpellTomes75AllDestruction","False","container-only"
"035064:Skyrim.esm","LootWarlockGold","True","container-only"
"1072CB:Skyrim.esm","SublistEnchDaedricGreatswordAbsorbHealth","True","both"
"016705:Skyrim.esm","LItemArmorCuirassLight","True","both"
"000F2B:Skyrim.esm","SublistEnchArmorBoots05Dragonplate05","False","both"
"0A6A2E:Skyrim.esm","SublistEnchSteelWarhammerShock","True","both"
"00E8E1:Dawnguard.esm","DLC1LItemFalmerHelmetHeavy100","True","actor-only"
"10734D:Skyrim.esm","LItemEnchCircletAll25","False","unreached"
"1072CE:Skyrim.esm","SublistEnchDaedricMaceAbsorbHealth","True","both"
"017150:Skyrim.esm","LItemSoldierSonsBootsBest","False","unreached"
"0CB3C6:Skyrim.esm","LItemEnchEbonyBattleaxe","False","both"
"01954E:Dragonborn.esm","DLC2ExpSpiderAlbinoDeathItemButt","False","unreached"
"0715EE:Skyrim.esm","LootCWImperialsScrolls100","True","unreached"
"043BD4:Skyrim.esm","LItemForswornBoots","False","actor-only"
"0F628A:Skyrim.esm","LItemBlacksmithMinGauntletsHeavy","True","container-only"
"065A83:Skyrim.esm","LItemPoisonFear","True","both"
"028573:Dragonborn.esm","DLC2LitemSpellTomes50Destruction","False","unreached"
"02BA70:Dragonborn.esm","DLC2SublistEnchArmorChitinLightGauntlets02","False","container-only"
"1046DF:Skyrim.esm","LootCitizenNecklaceList25","False","actor-only"
"0899C3:Skyrim.esm","SublistEnchGlassBattleaxeMagicka","True","both"
"0A273C:Skyrim.esm","LItemSpellTomes100Illusion","False","unreached"
"0FDA0A:Skyrim.esm","SublistEnchArmorDragonscaleGauntlets06","False","both"
"0165BA:Skyrim.esm","LItemWeaponAny1H","False","actor-only"
"0FD9DF:Skyrim.esm","SublistEnchArmorScaledCuirass03","False","both"
"060037:Skyrim.esm","LootForswornChestPotions15","False","container-only"
"02BC1D:Dragonborn.esm","DLC2LItemArmorGauntletsHeavy","True","container-only"
"0FF213:Skyrim.esm","TGRewardRandomAllLists","False","unreached"
"02BC05:Dragonborn.esm","DLC2LItemEnchWeaponGreatsword","True","container-only"
"02B0CF:Dragonborn.esm","DLC2SublistEnchNordicGreatswordSoulTrap","True","container-only"
"089A43:Skyrim.esm","SublistEnchGlassWarhammerBanish","True","both"
"101C90:Skyrim.esm","LItemFoodBlackBriarMead100","False","container-only"
"09E2B3:Skyrim.esm","LItemSpellTomes00Illusion","False","both"
"03CA96:Dragonborn.esm","DLC2MQ06MiraakRewardMaskL","True","unreached"
"000F1B:Skyrim.esm","SublistEnchWeaponBattleaxeDaedric05","False","container-only"
"08B64D:Skyrim.esm","SublistEnchArmorDwarvenGauntlets02","False","both"
"02BA9F:Dragonborn.esm","DLC2SublistEnchArmorStalhrimLightGauntlets03","False","container-only"
"10733D:Skyrim.esm","SublistEnchOrcishWarAxeAbsorbHealth","True","both"
"01D2A2:Skyrim.esm","SublistEnchElvenGreatswordStamina","True","both"
"10FE86:Skyrim.esm","LootWarlockCorpseGold","False","actor-only"
"0899E5:Skyrim.esm","SublistEnchGlassGreatswordSoulTrap","True","both"
"02B0E5:Dragonborn.esm","DLC2SublistEnchStalhrimBattleaxeStamina","True","container-only"
"0FD9F1:Skyrim.esm","SublistEnchArmorGlassHelmet03","False","both"
"10E0D8:Skyrim.esm","LootDwarvenScrapSpider","False","unreached"
"02BA47:Dragonborn.esm","DLC2SublistEnchArmorBonemoldBoots03","False","unreached"
"02B9C5:Dragonborn.esm","DLC2SublistEnchStalhrimSwordAbsorbStamina","True","container-only"
"039D2D:Skyrim.esm","LItemBanditShield","True","actor-only"
"02BAA7:Dragonborn.esm","DLC2SublistEnchArmorStalhrimHeavyHelmet04","False","container-only"
"087780:Skyrim.esm","LootBanditGems10","False","both"
"074A30:Skyrim.esm","LItemPotionWaterbreathing","True","both"
"02B0D2:Dragonborn.esm","DLC2LItemEnchNordicBattleaxe","False","container-only"
"071537:Skyrim.esm","LootCWImperialsChestPotions25","False","container-only"
"0A6A39:Skyrim.esm","LItemEnchSteelWeaponStamina","False","unreached"
"1031BD:Skyrim.esm","LItemEnchArmorLightGauntletsSpecial","True","container-only"
"02C493:Dragonborn.esm","DLC2SublistEnchStahlrimBattleaxeChaos","True","container-only"
"017103:Skyrim.esm","VendorBlacksmithEnchWeapons75","False","container-only"
"037C1F:Skyrim.esm","LItemBanditWarhammer","True","actor-only"
"0177BF:Dragonborn.esm","DLC2IngredientMushroom75","False","container-only"
"02BA59:Dragonborn.esm","DLC2SublistEnchArmorBonemoldHelmet03","False","unreached"
"03D5D2:Dragonborn.esm","DLC2LItemIngredientFoodPrepared","False","unreached"
"0AF64F:Skyrim.esm","PerkInvestorDawnstarBlacksmithList","False","container-only"
"07D984:Skyrim.esm","SublistThalmorBowAndArrowsGlass","False","actor-only"
"02B9EA:Dragonborn.esm","DLC2LItemEnchStalhrimBattleaxe","False","container-only"
"02BC3C:Dragonborn.esm","DLC2LootBanditChestBossBase","False","container-only"
"01674B:Skyrim.esm","LItemArmorGauntletsHeavyTown","True","container-only"
"105594:Skyrim.esm","OutfitListHoldGuardHelmetsFalkreath","False","actor-only"
"074A24:Skyrim.esm","LItemPoisonDamageStaminaAll","False","unreached"
"06003A:Skyrim.esm","LootForswornJewelry25","False","container-only"
"02B9E3:Dragonborn.esm","DLC2SublistEnchStalhrimWarhammerParalyze","True","container-only"
"088514:Skyrim.esm","LootDraugrArmor50","False","container-only"
"0374FD:Dragonborn.esm","DLC2BlacksmithNordicWeapon75","False","container-only"
"070C0E:Skyrim.esm","LootDwavenChestPotions100","False","unreached"
"09AF07:Skyrim.esm","LItemMiscVendorArmor75","False","container-only"
"07143D:Skyrim.esm","LootHagravenSoulGems15","False","container-only"
"0899EC:Skyrim.esm","SublistEnchGlassMaceMagicka","True","both"
"0CB3DA:Skyrim.esm","LItemEnchDaedricDagger","False","both"
"0B421A:Skyrim.esm","SublistEnchArmorHideHelmet02","False","both"
"000EFE:Skyrim.esm","SublistArmorShieldDragonplate05","False","both"
"10E0E0:Skyrim.esm","LItemGemsSmall10","True","actor-only"
"020682:Dragonborn.esm","DLC2SpellBookAshShell","False","container-only"
"0571A5:Skyrim.esm","LItemArmorHelmetHeavyBest","True","unreached"
"0DDD88:Skyrim.esm","LItemEnchIronWarhammerBoss","False","actor-only"
"0FD9E9:Skyrim.esm","SublistEnchArmorScaledGauntlets03","False","both"
"02C44B:Dragonborn.esm","DLC2LootDraugrChestBossMagicItem25","False","container-only"
"10F75D:Skyrim.esm","LItemEnchDaedricAnyWeapon","False","unreached"
"08A143:Skyrim.esm","SublistEnchEbonySwordStamina","True","both"
"00F1AC:Dawnguard.esm","DLC1LItemAmmoDwarvenBoltExplodingFireGated","False","container-only"
"0F961D:Skyrim.esm","LItemGemsSmall","True","both"
"01913E:Dawnguard.esm","DLC1DeathItemGargoyle","True","unreached"
"06A3D1:Skyrim.esm","LootForswornEnchArmor100","False","container-only"
"1031A3:Skyrim.esm","LItemEnchWeaponGreatswordSpecial","True","container-only"
"089D57:Skyrim.esm","SublistEnchEbonyBowFear","True","both"
"02E1E8:Skyrim.esm","LItemVampireBossGauntlets","True","unreached"
"105F15:Skyrim.esm","SublistThalmorElvenLightArmor","False","actor-only"
"100E7E:Skyrim.esm","LItemEnchRingSmithing","True","both"
"071555:Skyrim.esm","LootCWSonsEnchWeapons100","False","container-only"
"0FD9A3:Skyrim.esm","SublistEnchArmorEbonyHelmet04","False","both"
"10962B:Skyrim.esm","LItemVampireWeaponBase","False","actor-only"
"02B0F3:Dragonborn.esm","DLC2DeathItemLurker","False","unreached"
"0B50F7:Skyrim.esm","SublistEnchArmorSteelBoots01","False","both"
"0FD9D3:Skyrim.esm","SublistEnchArmorDragonplateGauntlets05","False","both"
"084B64:Skyrim.esm","SublistEnchArmorElvenHelmet04","False","both"
"10FACF:Skyrim.esm","LootWarlockIngredients10","False","actor-only"
"03A167:Skyrim.esm","LItemPotionAllSkills","False","both"
"0DD648:Skyrim.esm","LItemSpellTomes100Restoration","False","unreached"
"0B50FD:Skyrim.esm","SublistEnchArmorSteelCuirass03","False","both"
"02AAEE:Dragonborn.esm","DLC2SublistEnchNordicMaceFear","True","container-only"
"0A2990:Skyrim.esm","LItemSpellTOmes50AllRestoration","False","container-only"
"0899E0:Skyrim.esm","SublistEnchGlassGreatswordFire","True","both"
"0AF252:Skyrim.esm","TGRewardEnchWeapon1Hb","False","container-only"
"016E20:Skyrim.esm","LItemRobesCollegeIllusion","True","container-only"
"02AADA:Dragonborn.esm","DLC2SublistEnchNordicWarAxeAbsorbStamina","True","both"
"0C9A2D:Skyrim.esm","LItemEnchOrcishWeaponShock","False","unreached"
"02B9BF:Dragonborn.esm","DLC2SublistEnchStalhrimMaceShock","True","container-only"
"024306:Skyrim.esm","LItemDraugr05WeaponArrowSublist","False","actor-only"
"0DDD7A:Skyrim.esm","LItemEnchOrcishBattleaxeBoss","False","actor-only"
"02B9B5:Dragonborn.esm","DLC2SublistEnchStalhrimGreatswordTurn","True","container-only"
"02C49A:Dragonborn.esm","DLC2SublistEnchStahlrimWarhammerChaos","True","container-only"
"01D275:Skyrim.esm","SublistEnchDwarvenWarAxeFire","True","both"
"08CA36:Skyrim.esm","SublistEnchElvenSwordParalyze","True","both"
"04C3AA:Skyrim.esm","SublistThalmorElvenLightArmorNoHelmet","False","actor-only"
"10FACD:Skyrim.esm","LootWarlockRandom","False","actor-only"
"037C1A:Skyrim.esm","LItemBanditWarAxe","True","actor-only"
"02BA49:Dragonborn.esm","DLC2SublistEnchArmorBonemoldCuirass01","False","unreached"
"02B0CC:Dragonborn.esm","DLC2SublistEnchNordicGreatswordMagicka","True","container-only"
"0F652E:Skyrim.esm","LItemWeaponNightingaleSword","True","unreached"
"01CE5C:Skyrim.esm","SublistEnchDwarvenBowFire","True","both"
"101071:Skyrim.esm","LItemEnchNecklaceAll","True","both"
"017005:Skyrim.esm","LItemEnchEbonyWeaponDremoraFire","False","actor-only"
"10107C:Skyrim.esm","OutfitListGuardFalkreath","False","actor-only"
"01421B:Dawnguard.esm","DLC1LItemDawnguardGauntlets","False","actor-only"
"10FAC2:Skyrim.esm","LootStaffsWeaponForsworn","True","actor-only"
"107338:Skyrim.esm","SublistEnchOrcishMaceAbsorbMagicka","True","both"
"070C24:Skyrim.esm","LootDwarvenJewelryBoxBase","False","unreached"
"04B15E:Skyrim.esm","SublistEnchIronMaceFrost","True","both"
"10D9C4:Skyrim.esm","LItemFoodMeatGoat","False","container-only"
"08A100:Skyrim.esm","SublistEnchEbonyGreatswordStamina","True","both"
"02B0AF:Dragonborn.esm","DLC2SublistEnchNordicBowFear","True","container-only"
"014219:Dawnguard.esm","DLC1LItemDawnguardBoots","False","actor-only"
"043BD1:Skyrim.esm","LItemForswornWarAxe","True","unreached"
"03506E:Skyrim.esm","LootWarlockJewelry15","False","container-only"
"09BC3F:Skyrim.esm","LItemWeaponBowBlacksmith","True","both"
"107300:Skyrim.esm","SublistEnchEbonyWarAxeAbsorbStamina","True","both"
"10BF6C:Skyrim.esm","LItemFoodTomato75","False","container-only"
"02B9EC:Dragonborn.esm","DLC2LItemEnchStalhrimDagger","False","container-only"
"10CD63:Skyrim.esm","LItemFoodFishBetty25","False","container-only"
"010963:Dawnguard.esm","DLC1DeathItemDragon06","False","unreached"
"08A9A7:Skyrim.esm","SublistEnchDaedricBowBanish","True","both"
"071656:Skyrim.esm","LItemMaceForOrcs","True","unreached"
"089910:Skyrim.esm","SublistEnchIronBattleaxeStamina","True","both"
"03DF18:Skyrim.esm","LItemBanditBossGauntlets50","True","actor-only"
"0899F7:Skyrim.esm","SublistEnchGlassSwordParalyze","True","both"
"00F1BF:Dawnguard.esm","DLC1LItemAmmoDwarvenBoltExplodingIceGated","False","container-only"
"01FF19:Dragonborn.esm","DLC2LItemEnchWeaponWarhammerBest","True","both"
"065A47:Skyrim.esm","LItemPotionRestoreStaminaBest","True","both"
"0A2731:Skyrim.esm","LitemSpellTomes50Destruction","False","container-only"
"1072EB:Skyrim.esm","SublistEnchDwarvenWarAxeAbsorbStamina","True","both"
"089D58:Skyrim.esm","SublistEnchEbonyBowFire","True","both"
"02B9C9:Dragonborn.esm","DLC2SublistEnchStalhrimSwordFrost","True","container-only"
"0CB3BD:Skyrim.esm","LItemEnchGlassWeaponFear","False","unreached"
"071524:Skyrim.esm","LootCWSonsEnchArmor15","False","container-only"
"03AD78:Skyrim.esm","DeathItemBearCave","False","unreached"
"0C3C9E:Skyrim.esm","DeathItemBanditWizard","False","unreached"
"04B57F:Skyrim.esm","LItemEnchIronMace","False","both"
"070EB7:Skyrim.esm","LootVampireArrows25","False","container-only"
"01C230:Skyrim.esm","SublistEnchOrcishMaceFire","True","both"
"074A32:Skyrim.esm","LItemPotionMagicEffects","False","both"
"01ECAF:Skyrim.esm","LootFalmerSoulGems100","False","container-only"
"046054:Skyrim.esm","LItemSoldierSonsGuardWeapon1H","False","both"
"0424EB:Skyrim.esm","LootPerkGoldenTouchChange","False","container-only"
"000F2C:Skyrim.esm","SublistEnchArmorBoots06Dragonplate05","False","both"
"0B508A:Skyrim.esm","SublistEnchArmorIronGauntlets02","False","both"
"02930E:Dragonborn.esm","DLC2ExpSpiderLItemGemSapphireFlawless","False","unreached"
"0FD9F9:Skyrim.esm","SublistEnchArmorGlassGauntlets05","False","both"
"10FAD3:Skyrim.esm","LootWarlockSoulGemsNecroBonus","True","both"
"0CB3C7:Skyrim.esm","LItemEnchEbonyBow","False","both"
"013E24:Dawnguard.esm","DLC1DeathItemSabrecatVale","False","unreached"
"02BC2D:Dragonborn.esm","DLC2LItemEnchArmorLightShieldSpecial","True","container-only"
"00D0E6:Dawnguard.esm","DLC1SublistEnchCrossbowSoulTrap","True","actor-only"
"10732A:Skyrim.esm","SublistEnchGlassWarAxeAbsorbStamina","True","unreached"
"02BA64:Dragonborn.esm","DLC2SublistEnchArmorChitinLightBoots02","False","container-only"
"0CB3E6:Skyrim.esm","LItemEnchDaedricWeaponShock","False","unreached"
"0FD9DE:Skyrim.esm","SublistEnchArmorScaledCuirass02","False","both"
"02BC3D:Dragonborn.esm","DLC2LootBanditWeapon100","False","container-only"
"026B47:Dragonborn.esm","DLC2BanditArmorAll","False","actor-only"
"0FD9BD:Skyrim.esm","SublistEnchARmorDaedricGauntlets04","False","both"
"02BA43:Dragonborn.esm","DLC2SublistEnchArmorBonemoldBoots01","False","unreached"
"01D25F:Skyrim.esm","SublistEnchDwarvenGreatswordMagicka","True","both"
"0FD9F4:Skyrim.esm","SublistEnchArmorGlassBoots03","False","both"
"024300:Skyrim.esm","LItemDraugr02Weapon2H","True","actor-only"
"01FF15:Dragonborn.esm","DLC2LItemEnchWeaponBowBest","True","both"
"01CB18:Skyrim.esm","SublistEnchOrcishWarhammerFire","True","both"
"086019:Skyrim.esm","LootWarlockPotions25","False","unreached"
"106D0D:Skyrim.esm","LItemEnchVampireRobes","False","actor-only"
"089A53:Skyrim.esm","SublistEnchGlassWarhammerMagicka","True","both"
"0A2738:Skyrim.esm","LItemSpellTomes75Illusion","False","unreached"
"089912:Skyrim.esm","SublistEnchIronDaggerFear","True","both"
"08A371:Skyrim.esm","SublistEnchEbonyWarhammerFire","True","both"
"08A38B:Skyrim.esm","LItemSoldierImperialBoots","True","unreached"
"01713A:Skyrim.esm","LItemSoldierImperialArmorSet03","False","unreached"
"0FD995:Skyrim.esm","SublistEnchArmorOrcishBoots05","False","both"
"0899DD:Skyrim.esm","SublistEnchGlassDaggerTurn","True","both"
"10DF68:Skyrim.esm","LItemEnchNecklacePickpocket","True","both"
"01710B:Skyrim.esm","LItemIngotGold50","False","unreached"
"0F5D23:Skyrim.esm","dunLItemGeirmundSigdisBow","True","actor-only"
"016747:Skyrim.esm","LItemArmorCuirassHeavyTown","True","container-only"
"10C1F9:Skyrim.esm","LItemIngredientFrostMirriam","False","container-only"
"0A6A34:Skyrim.esm","LItemEnchSteelWeaponFear","False","unreached"
"0E0FDD:Skyrim.esm","LItemStaffDestruction50NPC50","False","actor-only"
"017134:Skyrim.esm","LItemSoldierImperialArmorSet01","False","unreached"
"09BC3B:Skyrim.esm","LItemArmorHelmetLightBlacksmith","True","both"
"03A1B9:Skyrim.esm","LItemPotionResistFire","True","both"
"0FD9E4:Skyrim.esm","SublistEnchArmorScaledHelmet04","False","both"
"0FDA0E:Skyrim.esm","LItemEnchArmorHeavyBootsNoDragon","True","both"
"084B65:Skyrim.esm","SublistEnchArmorElvenShield02","False","both"
"09AF13:Skyrim.esm","LItemMiscVendorPotion50","False","container-only"
"0DDD8C:Skyrim.esm","LItemEnchDwarvenSwordBoss","False","actor-only"
"02E1E7:Skyrim.esm","LItemVampireBossWeapon1H","False","unreached"
"07113B:Skyrim.esm","LootHagravenJewelry100","False","container-only"
"074A2E:Skyrim.esm","LItemPoisonDamageHealthAll","False","unreached"
"039E5A:Skyrim.esm","LItemPotionFortifyAlteration","True","both"
"02AAC5:Dragonborn.esm","DLC2SublistEnchNordicWarAxeParalyze","True","both"
"070C13:Skyrim.esm","LootDwarvenEnchWeapons20","False","container-only"
"072AEC:Skyrim.esm","VendorGoldSpells","False","container-only"
"0A6A1E:Skyrim.esm","SublistEnchSteelDaggerStamina","True","both"
"024307:Skyrim.esm","LItemDraugr05WeaponBowSublist","True","actor-only"
"0B5099:Skyrim.esm","SublistEnchArmorBandedIronShield03","False","both"
"0FD9BF:Skyrim.esm","SublistEnchARmorDaedricGauntlets06","False","both"
"0AE740:Skyrim.esm","SublistEnchOrcishBowShock","True","both"
"074A27:Skyrim.esm","LItemPoisonDamageMagickaLingeringBest","True","unreached"
"000ED9:Skyrim.esm","LItemEnchWeaponDaggerBlacksmith","True","both"
"003149:Update.esm","CCLItemSpellTomes100Phinis","False","container-only"
"0A272D:Skyrim.esm","LItemSpellTomes25Illusion","False","both"
"1046DB:Skyrim.esm","LItemEnchNecklaceAll25","True","actor-only"
"107333:Skyrim.esm","SublistEnchOrcishDaggerAbsorbStamina","True","both"
"03750A:Dragonborn.esm","DLC2LItemEnchArmorLightGauntletsNoDragon","True","container-only"
"0242FC:Skyrim.esm","LItemDraugr02Weapon1H","True","actor-only"
"106662:Skyrim.esm","LItemClothesAll","False","container-only"
"000EFB:Skyrim.esm","SublistArmorHelmetDaedricBest05","False","unreached"
"02BA5A:Dragonborn.esm","DLC2SublistEnchArmorBonemoldShield01","False","container-only"
"065A86:Skyrim.esm","LItemPoisonWeaknessFrost","True","both"
"028579:Dragonborn.esm","DLC2LItemSpellTomes75Illusion","False","unreached"
"084B5B:Skyrim.esm","SublistEnchArmorElvenCuirass04","False","both"
"01FF08:Dragonborn.esm","DLC2LItemArmorHelmetHeavyBest","True","container-only"
"071640:Skyrim.esm","LootCWSonsEnchArmor100","False","both"
"0899D5:Skyrim.esm","SublistEnchGlassDaggerFear","True","both"
"1046E0:Skyrim.esm","LootCitizenRingList25","False","actor-only"
"065A5F:Skyrim.esm","LItemPotionResistancesBest","False","both"
"01D278:Skyrim.esm","SublistEnchDwarvenWarAxeShock","True","both"
"05719D:Skyrim.esm","LItemArmorBootsLightBest","True","actor-only"
"0FD9B7:Skyrim.esm","SublistEnchArmorDaedricHelmet04","False","both"
"08C5E1:Skyrim.esm","SublistEnchDaedricWarhammerFire","True","both"
"0C0407:Skyrim.esm","LvlQuestReward04Wow","True","unreached"
"10F150:Skyrim.esm","LItemCoffin75","False","container-only"
"10E0DF:Skyrim.esm","LootRingList10","False","container-only"
"03DF23:Skyrim.esm","LItemBanditBossGreatsword","True","actor-only"
"028574:Dragonborn.esm","DLC2LItemSpellTomes50Illusion","False","unreached"
"105599:Skyrim.esm","OutfitListHoldGuardHelmetsPale","False","actor-only"
"10FAC5:Skyrim.esm","LootDraugrIngots05","False","actor-only"
"107311:Skyrim.esm","SublistEnchElvenSwordAbsorbMagicka","True","both"
"089937:Skyrim.esm","LItemEnchIronWeaponShock","False","unreached"
"02B9A7:Dragonborn.esm","DLC2SublistEnchStalhrimDaggerAbsorbMagicka","True","container-only"
"070C22:Skyrim.esm","LootDwarvenScrap25","False","container-only"
"065A95:Skyrim.esm","LItemPoisonDrainArmorSkillsBest","False","both"
"000EDA:Skyrim.esm","LItemEnchWeaponBlacksmith2H","False","container-only"
"02B9D3:Dragonborn.esm","DLC2SublistEnchStalhrimWarAxeFear","True","both"
"092A0C:Skyrim.esm","SublistEnchArmorSteelPlateCuirass02","False","both"
"08992C:Skyrim.esm","SublistEnchIronWarhammerTurn","True","both"
"0714A3:Skyrim.esm","LootCWImperialsArrows25","False","container-only"
"1031B5:Skyrim.esm","LItemWeaponAllSpecial","False","container-only"
"000F50:Skyrim.esm","SublistEnchArmorHelmet06Dragonscale05","False","both"
"01EBC6:Skyrim.esm","LootFalmerArrows15","False","container-only"
"01C08B:Skyrim.esm","SublistEnchOrcishBattleAxeMagicka","True","both"
"0FD9BE:Skyrim.esm","SublistEnchARmorDaedricGauntlets05","False","both"
"07A831:Skyrim.esm","SublistEnchArmorHideCuirass01","False","both"
"089931:Skyrim.esm","LItemEnchWeaponWarhammer","True","both"
"0FDA08:Skyrim.esm","SublistEnchArmorDragonscaleGauntlets04","False","both"
"1072EE:Skyrim.esm","SublistEnchDwarvenWarhammerAbsorbStamina","True","both"
"02C440:Dragonborn.esm","DLC2LootArrowsAll15","True","container-only"
"0B4204:Skyrim.esm","LootDraugrGems100","False","container-only"
"0FD9AD:Skyrim.esm","SublistEnchArmorEbonyShield05","False","both"
"107328:Skyrim.esm","SublistEnchGlassWarAxeAbsorbHealth","True","both"
"107322:Skyrim.esm","SublistEnchGlassMaceAbsorbHealth","True","both"
"08A9EF:Skyrim.esm","SublistEnchDaedricBowSoulTrap","True","both"
"01D292:Skyrim.esm","SublistEnchElvenBowStamina","True","both"
"070FFA:Skyrim.esm","LootVampireScrolls10","False","both"
"089C1B:Skyrim.esm","SublistEnchEbonyBattleaxeFear","True","both"
"02AACD:Dragonborn.esm","DLC2SublistEnchNordicWarhammerBanish","True","container-only"
"016743:Skyrim.esm","LItemArmorHelmetAny","False","container-only"
"02BA72:Dragonborn.esm","DLC2SublistEnchArmorChitinLightGauntlets03","False","container-only"
"02AADC:Dragonborn.esm","DLC2SublistEnchNordicWarAxeAbsorbHealth","True","both"
"02B9CC:Dragonborn.esm","DLC2SublistEnchStalhrimSwordShock","True","container-only"
"01D283:Skyrim.esm","SublistEnchDwarvenWarhammerTurn","True","both"
"0FD9CD:Skyrim.esm","SublistEnchArmorDragonplateHelmet05","False","both"
"08A14D:Skyrim.esm","SublistEnchEbonyWarAxeStamina","True","both"
"01D2AE:Skyrim.esm","SublistEnchElvenSwordFrost","True","both"
"05BF01:Skyrim.esm","SublistEnchIronMaceStamina","True","both"
"02C45D:Dragonborn.esm","DLC2LootWerewolfChestBossBase","False","container-only"
"10FAF5:Skyrim.esm","LItemArrowsAllBest","True","both"
"087782:Skyrim.esm","LootBanditWeapon50","False","container-only"
"10559C:Skyrim.esm","OutfitListHoldGuardHelmetsEastmarch","False","actor-only"
"10F9CE:Skyrim.esm","LItemIngredientsUndergroundUncommon","False","both"
"014750:Dawnguard.esm","DLC1DeathItemFrostGiant","False","unreached"
"0A6A21:Skyrim.esm","LItemEnchSteelGreatsword","False","both"
"101074:Skyrim.esm","LItemEnchJewelryAll75","False","container-only"
"02BC12:Dragonborn.esm","DLC2LItemWeaponSword","True","both"
"01D289:Skyrim.esm","SublistEnchElvenBattleaxeSoulTrap","True","both"
"0AE743:Skyrim.esm","SublistEnchOrcishBowTurn","True","both"
"016577:Skyrim.esm","LItemWeaponMace","True","both"
"0E0FDE:Skyrim.esm","LItemStaffFirebolt50","False","actor-only"
"101C89:Skyrim.esm","LItemFoodHonningbrewMead100","False","container-only"
"03D240:Dragonborn.esm","DLC2DeathItemWerebear","False","unreached"
"032C75:Dragonborn.esm","DLC2LootRieklingJunk90","False","container-only"
"02432D:Skyrim.esm","LItemDraugr05EWeapon1H","False","actor-only"
"10C1E2:Skyrim.esm","LItemIngredientGarlic75","False","container-only"
"08A144:Skyrim.esm","SublistEnchEbonySwordTurn","True","both"
"0CAEFF:Skyrim.esm","LItemEnchElvenBattleaxe","False","both"
"02AAE0:Dragonborn.esm","DLC2SublistEnchNordicSwordBanish","True","container-only"
"02AAF4:Dragonborn.esm","DLC2SublistEnchNordicMaceSoulTrap","True","container-only"
"02C496:Dragonborn.esm","DLC2SublistEnchStahlrimGreatswordChaos","True","container-only"
"0D8E89:Skyrim.esm","TGCoinPurseGoldSmall","False","unreached"
"02E45C:Skyrim.esm","MS09Reward","False","unreached"
"08C857:Skyrim.esm","SublistEnchDaedricWarhammerParalyze","True","both"
"1072CA:Skyrim.esm","SublistEnchDaedricDaggerAbsorbStamina","True","both"
"0FDA0F:Skyrim.esm","LItemEnchArmorHeavyCuirassNoDragon","True","both"
"089922:Skyrim.esm","SublistEnchIronWarhammerMagicka","True","both"
"0DDD7B:Skyrim.esm","LItemEnchDaedricGreatswordBoss","False","unreached"
"0DDD94:Skyrim.esm","LItemEnchDwarvenMaceBoss","False","actor-only"
"08A104:Skyrim.esm","SublistEnchEbonyMaceFire","True","both"
"070E35:Skyrim.esm","WIChangeLocation05GiftChild","False","unreached"
"071641:Skyrim.esm","LootCWImperialsArmor100","False","container-only"
"070EB0:Skyrim.esm","LootVampireArmor100","False","unreached"
"03AD99:Skyrim.esm","DeathItemSkeever","False","unreached"
"0B1FEB:Skyrim.esm","PerkInvestorWinterholdGeneralList","False","container-only"
"00A945:Dawnguard.esm","DLC01SoulLeveledList","False","unreached"
"0165BE:Skyrim.esm","LItemWeaponWarAxeTown","True","both"
"1072D4:Skyrim.esm","SublistENchDaedricWarAxeAbsorbHealth","True","both"
"0B4209:Skyrim.esm","LootDraugrChestBossBase","False","container-only"
"074A22:Skyrim.esm","LItemPoisonDamageStaminaRate","True","unreached"
"08B606:Skyrim.esm","SublistEnchDaedricGreatswordParalyze","True","both"
"064A65:Skyrim.esm","LItemDA13ArmorHelmetHeavy","True","actor-only"
"01C92A:Skyrim.esm","SublistEnchOrcishWarAxeMagicka","True","both"
"09BC30:Skyrim.esm","LItemBlacksmithWeapon75","False","container-only"
"10C1EE:Skyrim.esm","LItemBarrelIngredientsUncommonSame100","False","container-only"
"10FF09:Skyrim.esm","PenitusGear","False","actor-only"
"0ABF47:Skyrim.esm","ArmorStormcloakSet","False","actor-only"
"01D259:Skyrim.esm","SublistEnchDwarvenDaggerSoulTrap","True","both"
"0DDD63:Skyrim.esm","LItemDraugr02BossWeapon2HMagic","True","actor-only"
"084B67:Skyrim.esm","SublistEnchArmorElvenShield04","False","both"
"0C9A2C:Skyrim.esm","LItemEnchOrcishWeaponMagicka","False","unreached"
"02AAF1:Dragonborn.esm","DLC2SublistEnchNordicMaceMagicka","True","container-only"
"0FD99C:Skyrim.esm","SublistEnchArmorOrcishShield03","False","both"
"0F6F28:Skyrim.esm","SublistArmorSteelHelmetVariants","False","both"
"10CD60:Skyrim.esm","LItemFoodFishClam75","False","container-only"
"000F17:Skyrim.esm","SublistWeaponWarAxeDaedric05","False","both"
"0154E4:Skyrim.esm","dunMarkarthWizardMeleeSecurityHelmet","True","actor-only"
"0DDD9A:Skyrim.esm","LItemEnchSteelMaceBoss","False","actor-only"
"03A166:Skyrim.esm","LItemPotionFortifyMagicSkills","False","both"
"017114:Skyrim.esm","LootSilverHandGold","False","actor-only"
"000EF1:Skyrim.esm","SublistArmorCuirassDaedric05","False","both"
"06852A:Skyrim.esm","LItemSoulGemEmptyTown","True","unreached"
"0FD9A9:Skyrim.esm","SublistEnchArmorEbonyGauntlets04","False","both"
"0A3FB5:Skyrim.esm","LItemGutterSaintGloves","False","actor-only"
"0A44CC:Skyrim.esm","LItemScrolls","True","unreached"
"02B0A3:Dragonborn.esm","DLC2SublistEnchNordicBattleaxeAbsorbStamina","True","container-only"
"08FFED:Skyrim.esm","LItemEnchOrcishBattleaxeStamina","True","unreached"
"10FE67:Skyrim.esm","TG02MercLItemWeaponArrows","True","actor-only"
"0A69EE:Skyrim.esm","SublistEnchSteelMaceMagicka","True","both"
"10732E:Skyrim.esm","SublistEnchOrcishBattleaxeAbsorbHealth","True","both"
"000EDB:Skyrim.esm","LItemEnchWeaponBattleaxeBlacksmith","True","container-only"
"0FD9F6:Skyrim.esm","SublistEnchArmorGlassBoots05","False","both"
"0348F5:Skyrim.esm","LootBanditEnchWeapons100","False","container-only"
"0C1E7B:Skyrim.esm","MGR21BookList","False","unreached"
"0DE4D3:Skyrim.esm","OutfitListGuardWinterhold","False","actor-only"
"08B615:Skyrim.esm","SublistEnchDaedricSwordBanish","True","both"
"03AD7D:Skyrim.esm","DeathItemDog","False","unreached"
"0CB3B9:Skyrim.esm","LItemEnchGlassSword","False","both"
"000EF2:Skyrim.esm","SublistArmorCuirassDragonPlate05","False","both"
"016740:Skyrim.esm","LItemArmorHelmetHeavy","True","container-only"
"10BF71:Skyrim.esm","LItemFoodAppleGreen","False","container-only"
"10FABD:Skyrim.esm","LItemForswornArrows","False","actor-only"
"02C43C:Dragonborn.esm","DLC2DeathItemNetch","False","unreached"
"10FDEB:Skyrim.esm","VendorEorlundSkyforgeSteelSet","False","container-only"
"065A57:Skyrim.esm","LItemPotionFortifySneakBest","True","both"
"01D268:Skyrim.esm","SublistEnchDwarvenMaceShock","True","both"
"0B5076:Skyrim.esm","SublistEnchArmorLeatherGauntlets03","False","both"
"011D69:Dawnguard.esm","DLC1DeathItemHarkon","False","unreached"
"08A38F:Skyrim.esm","LItemSoldierSonsGauntlets","True","unreached"
"020681:Dragonborn.esm","DLC2SpellBookAshRune","False","container-only"
"10F9B0:Skyrim.esm","LItemRobesConjuration","True","container-only"
"089C19:Skyrim.esm","SublistEnchEbonyBattleaxeBanish","True","both"
"04B584:Skyrim.esm","LItemEnchSteelWarAxe","False","both"
"0FD9EE:Skyrim.esm","SublistEnchArmorGlassCuirass03","False","both"
"08FFE8:Skyrim.esm","LItemEnchOrcishBattleaxeFire","True","unreached"
"017068:Skyrim.esm","LItemSoldierImperialGauntletsBest","False","unreached"
"070C58:Skyrim.esm","LootWerewolfChestPotions25","False","container-only"
"08FFF9:Skyrim.esm","LootHagravenLockpick15","False","container-only"
"0CB3CD:Skyrim.esm","LItemEnchEbonyWarhammer","False","both"
"02B0A1:Dragonborn.esm","DLC2SublistEnchNordicBattleaxeAbsorbHealth","True","container-only"
"10731C:Skyrim.esm","SublistEnchGlassDaggerAbsorbHealth","True","both"
"000F3A:Skyrim.esm","SublistEnchArmorHelmet05Dragonplate05","False","both"
"02B9BA:Dragonborn.esm","DLC2SublistEnchStalhrimMaceFear","True","container-only"
"10F9B4:Skyrim.esm","LootEnchRobes15","False","container-only"
"089914:Skyrim.esm","SublistEnchIronDaggerMagicka","True","both"
"00D0E9:Dawnguard.esm","DLC1SublistEnchCrossbowFire","True","actor-only"
"01CE71:Skyrim.esm","SublistEnchDwarvenBowShock","True","both"
"09BC44:Skyrim.esm","LItemWeaponWarAxeBlacksmith","True","both"
"10CD5E:Skyrim.esm","LItemFoodFishList","False","container-only"
"10F8B4:Skyrim.esm","AtrFrgRecipeList","False","actor-only"
"02AADD:Dragonborn.esm","DLC2SublistEnchNordicSwordAbsorbHealth","True","container-only"
"065A93:Skyrim.esm","LItemPoisonDrainConjurationBest","False","both"
"0A6A33:Skyrim.esm","LItemEnchSteelWeaponFrost","False","unreached"
"01673B:Skyrim.esm","LItemArmorBootsLight","True","both"
"0899C9:Skyrim.esm","SublistEnchGlassBattleaxeBanish","True","both"
"02C45C:Dragonborn.esm","DLC2LootWerebeastEnchWeapon15","False","container-only"
"01FF0F:Dragonborn.esm","DLC2LItemWeaponMaceDremora","True","both"
"06A3D2:Skyrim.esm","LootForswornEnchItem25","False","container-only"
"0CB020:Skyrim.esm","LItemEnchGlassBow","False","both"
"098E5E:Skyrim.esm","LItemInnRuralDrink","False","both"
"011BDA:Dawnguard.esm","DLC1DeathItemSoulMan","False","unreached"
"0D54C0:Skyrim.esm","VendorGoldFenceStage01","False","container-only"
"000F14:Skyrim.esm","SublistWeaponMaceDaedricBest05","False","actor-only"
"01D286:Skyrim.esm","SublistEnchElvenBattleaxeFrost","True","both"
"01EBC5:Skyrim.esm","LootFalmerArmor15","False","container-only"
"101C8A:Skyrim.esm","LItemFoodHonningbrewMead75","False","container-only"
"0FD9AA:Skyrim.esm","SublistEnchArmorEbonyGauntlets05","False","both"
"03AD7F:Skyrim.esm","DeathItemDraugr","False","unreached"
"09CD43:Skyrim.esm","LItemApothecaryPotionCureHMS75","False","both"
"039ED2:Skyrim.esm","LItemPotionFortifyDestruction","True","both"
"00F1B2:Dawnguard.esm","DLC1VendorGadgetsSorineJurardBoltsEnhanced25","False","container-only"
"10FAD9:Skyrim.esm","DeathItemThalmor","False","unreached"
"01D29C:Skyrim.esm","SublistEnchElvenGreatswordFear","True","both"
"000F4F:Skyrim.esm","SublistEnchArmorHelmet05Dragonscale05","False","both"
"0F652F:Skyrim.esm","LItemWeaponNightingaleBow","True","unreached"
"02BA66:Dragonborn.esm","DLC2SublistEnchArmorChitinLightBoots03","False","container-only"
"0DDD77:Skyrim.esm","LItemEnchGlassBattleaxeBoss","False","actor-only"
"01EBD4:Skyrim.esm","LootFalmerChestPotions15","False","container-only"
"0FD838:Skyrim.esm","CWFortSoldierWoundedTentChestList","False","container-only"
"10FAFC:Skyrim.esm","CWSoldierImperialGearNoTorch","False","actor-only"
"10C1E3:Skyrim.esm","LItemIngredientGarlic","False","container-only"
"0638B7:Skyrim.esm","LItemSoulGemRandom","False","both"
"01D282:Skyrim.esm","SublistEnchDwarvenWarhammerStamina","True","both"
"065A5B:Skyrim.esm","LItemPotionFortifyStaminaRateBest","True","unreached"
"0A6A28:Skyrim.esm","LItemEnchSteelWarhammer","False","both"
"07D97F:Skyrim.esm","SublistThalmorArrowsSteel","False","actor-only"
"02C48B:Dragonborn.esm","DLC2SublistEnchNordicBattleaxeChaos","True","container-only"
"065A42:Skyrim.esm","LItemPotionResistFrostBest","True","both"
"0899CD:Skyrim.esm","SublistEnchGlassBowFrost","True","both"
"08A102:Skyrim.esm","SublistEnchEbonyMaceBanish","True","both"
"011D6A:Dawnguard.esm","DLC1LItemEnchJewelryAllHarkon","False","unreached"
"0FD85F:Skyrim.esm","CWSoldierWoundedOutfitList","False","actor-only"
"10D95C:Skyrim.esm","LItemFoodCabbageSmall","False","container-only"
"000EF6:Skyrim.esm","SublistArmorGauntletsDragonplate05","False","both"
"089BB5:Skyrim.esm","SublistEnchGlassWarhammerStamina","True","both"
"1031BF:Skyrim.esm","LItemEnchArmorLightShieldSpecial","True","container-only"
"05BF00:Skyrim.esm","SublistEnchIronMaceMagicka","True","both"
"0154E5:Skyrim.esm","dunMarkarthWizardMeleeSecurityShield","True","actor-only"
"0F77F1:Skyrim.esm","DragonScales75","False","unreached"
"070F84:Skyrim.esm","LootVampireGems100","False","container-only"
"02B9B4:Dragonborn.esm","DLC2SublistEnchStalhrimGreatswordStamina","True","container-only"
"094070:Skyrim.esm","SublistEnchOrcishGreatswordFear","True","both"
"1072D3:Skyrim.esm","SublistEnchDaedricSwordAbsorbStamina","True","both"
"10F650:Skyrim.esm","LItemSpellTomes00AllDestruction","False","container-only"
"000EFD:Skyrim.esm","SublistArmorShieldDaedric05","False","both"
"03ADA1:Skyrim.esm","DeathItemChaurus","False","unreached"
"0A732C:Skyrim.esm","MGR20BookLvlItem","False","unreached"
"0CAF54:Skyrim.esm","LItemEnchElvenWeaponFrost","False","unreached"
"03FFFE:Skyrim.esm","LItemBook3All","False","both"
"0374FF:Dragonborn.esm","DLC2BlacksmithArmorExtra75","True","container-only"
"03D5D3:Dragonborn.esm","DLC2LItemAshHooperMeat","False","unreached"
"01D2AB:Skyrim.esm","SublistEnchElvenMaceTurn","True","both"
"0A69FA:Skyrim.esm","SublistEnchSteelGreatswordShock","True","both"
"02C441:Dragonborn.esm","DLC2LootDraugrWeapon15","False","container-only"
"01D271:Skyrim.esm","SublistEnchDwarvenSwordSoulTrap","True","both"
"100E85:Skyrim.esm","LItemEnchRingSkillMagic","False","both"
"0FF210:Skyrim.esm","TGCacheArrows50","False","container-only"
"02BA6E:Dragonborn.esm","DLC2SublistEnchArmorChitinLightCuirass04","False","container-only"
"01CB7D:Skyrim.esm","SublistEnchOrcishWarhammerSoultrap","True","both"
"0F6282:Skyrim.esm","LItemBlacksmithMinDagger","True","unreached"
"08B614:Skyrim.esm","SublistEnchDaedricMaceTurn","True","both"
"10DDBD:Skyrim.esm","LootDwarvenOre10","True","unreached"
"1034ED:Skyrim.esm","LItemWEBattlemageGauntlets50","True","actor-only"
"03AD82:Skyrim.esm","DeathItemDwarvenSphere","False","unreached"
"037844:Dragonborn.esm","DLC2VendorBlacksmithEnchArmor75","False","unreached"
"01C5E5:Skyrim.esm","SublistEnchOrcishSwordFrost","True","both"
"08A105:Skyrim.esm","SublistEnchEbonyMaceFrost","True","both"
"10FF77:Skyrim.esm","LItemAntlersLarge50","False","unreached"
"02E1E6:Skyrim.esm","LItemVampireBossWarAxe","True","unreached"
"0A69E6:Skyrim.esm","SublistEnchSteelBattleAxeFire","True","both"
"08FFE7:Skyrim.esm","LItemEnchOrcishBattleaxeAbsorb","True","unreached"
"0FD9FE:Skyrim.esm","SublistEnchArmorDragonscaleCuirass05","False","both"
"0D8E7D:Skyrim.esm","CoinPurseGoldMedium","False","actor-only"
"0AC969:Skyrim.esm","PerkInvestorWhiterunBlacksmithList","False","container-only"
"0CB3DF:Skyrim.esm","LItemEnchDaedricWarhammer","False","both"
"03AD80:Skyrim.esm","DeathItemDremora","False","unreached"
"06A3CD:Skyrim.esm","LootForswornArrows15","False","both"
"070C59:Skyrim.esm","LootWerewolfEnchWeapons100","False","container-only"
"0D8E7E:Skyrim.esm","CoinPurseGoldLarge","False","actor-only"
"08A149:Skyrim.esm","SublistEnchEbonyWarAxeMagicka","True","both"
"08FFF8:Skyrim.esm","LootForswornLockpick25","False","container-only"
"0899EB:Skyrim.esm","SublistEnchGlassMaceFrost","True","both"
"0DDD90:Skyrim.esm","LItemEnchIronSwordBoss","False","actor-only"
"03C40E:Dragonborn.esm","DLC2MQ06MiraakFightStaff","True","unreached"
"0374E8:Dragonborn.esm","DLC2LItemWeaponWarAxeTown","True","container-only"
"0374E0:Dragonborn.esm","DLC2LootLurkerGold","True","unreached"
"0CB021:Skyrim.esm","LItemEnchGlassDagger","False","both"
"10BF68:Skyrim.esm","LItemBarrelFoodSame","False","unreached"
"0C9A36:Skyrim.esm","LItemEnchDwarvenSword","False","both"
"017177:Skyrim.esm","LItemWeaponDaggerTown","True","actor-only"
"0DDD73:Skyrim.esm","LItemEnchDwarvenBattleaxeBoss","False","actor-only"
"10CD5F:Skyrim.esm","LItemFoodFishSalmon75","False","container-only"
"015CB4:Dawnguard.esm","DLC1SublistStaffDestructionFalmer","False","actor-only"
"01C509:Skyrim.esm","SublistEnchOrcishMaceTurn","True","both"
"0E3134:Skyrim.esm","CR06Gewgaw","False","unreached"
"0E0FD9:Skyrim.esm","LItemStaffConjuration25NPC","False","actor-only"
"07D97A:Skyrim.esm","LItemThalmorArmorNoHelmetAll","True","actor-only"
"01D2C0:Skyrim.esm","SublistEnchElvenWarhammerShock","True","both"
"08991D:Skyrim.esm","SublistEnchIronGreatswordSoulTrap","True","both"
"017024:Skyrim.esm","LItemWeaponBow","True","both"
"08A99F:Skyrim.esm","SublistEnchDaedricBattleAxeFire","True","both"
"0A44CB:Skyrim.esm","LItemScroll100Skill","False","both"
"0DDD83:Skyrim.esm","LItemEnchDaedricWarhammerBoss","False","unreached"
"0351D2:Skyrim.esm","LItemStaffAlteration25","False","both"
"011F3A:Dawnguard.esm","DLC1LItemDisguisedHunterInventory","False","actor-only"
"02BA60:Dragonborn.esm","DLC2SublistEnchArmorChitinLightHelmet03","False","container-only"
"01C67D:Skyrim.esm","SublistEnchOrcishSwordMagicka","True","both"
"01D265:Skyrim.esm","SublistEnchDwarvenMaceFire","True","both"
"02C490:Dragonborn.esm","DLC2SublistEnchNordicSwordChaos","True","container-only"
"05719F:Skyrim.esm","LItemArmorCuirassHeavyBest","True","unreached"
"037C2B:Skyrim.esm","LootGoldChange","False","both"
"01D28E:Skyrim.esm","SublistEnchElvenBowFrost","True","both"
"01D277:Skyrim.esm","SublistEnchDwarvenWarAxeMagicka","True","both"
"10DF6A:Skyrim.esm","LItemEnchNecklaceSneak","True","both"
"10732B:Skyrim.esm","SublistEnchGlassWarhammerAbsorbHealth","True","both"
"000EEE:Skyrim.esm","SublistArmorBootsDragonplate05","False","both"
"10FABF:Skyrim.esm","LItemWeaponDaggerForsworn","True","actor-only"
"0CB3C8:Skyrim.esm","LItemEnchEbonyDagger","False","both"
"0126B4:Dawnguard.esm","DLC1DawnGuardHelmet75","False","actor-only"
"10C460:Skyrim.esm","LItemVigilantHood","False","actor-only"
"0638B6:Skyrim.esm","SublistSoulGemFullBlack25","False","both"
"013739:Skyrim.esm","ArmorIronSetAll","False","actor-only"
"0A69EB:Skyrim.esm","SublistEnchSteelBattleAxeStamina","True","both"
"04B585:Skyrim.esm","LItemEnchWeaponMace","True","both"
"01D2B7:Skyrim.esm","SublistEnchElvenWarAxeMagicka","True","both"
"0DDD93:Skyrim.esm","LItemEnchDaedricMaceBoss","False","unreached"
"10C1E7:Skyrim.esm","LItemIngredientLavender","False","container-only"
"0899F8:Skyrim.esm","SublistEnchGlassSwordShock","True","both"
"02BC0F:Dragonborn.esm","DLC2LItemWeaponDagger","True","both"
"0FD9E7:Skyrim.esm","SublistEnchArmorScaledBoots04","False","both"
"0374F2:Dragonborn.esm","DLC2LItemArmorGauntletsLightTown","True","container-only"
"08A81F:Skyrim.esm","SublistEnchEbonyWarhammerFrost","True","both"
"105EEE:Skyrim.esm","LItemWarlockRobesEnchanting","False","unreached"
"08BB9A:Skyrim.esm","SublistEnchDaedricWarAxeShock","True","both"
"02B9D6:Dragonborn.esm","DLC2SublistEnchStalhrimWarAxeMagicka","True","both"
"02B9BD:Dragonborn.esm","DLC2SublistEnchStalhrimMaceMagicka","True","container-only"
"0F77F4:Skyrim.esm","LItemArmorHeavyAll","False","unreached"
"1031C2:Skyrim.esm","LItemArmorBootsHeavySpecial","True","container-only"
"01D25E:Skyrim.esm","SublistEnchDwarvenGreatswordFrost","True","both"
"089930:Skyrim.esm","LItemEnchWeaponGreatsword","True","container-only"
"10731B:Skyrim.esm","SublistEnchGlassBattleaxeAbsorbStamina","True","both"
"0AE735:Skyrim.esm","SublistEnchImperialBowFire","True","both"
"10D9D0:Skyrim.esm","LItemFoodMeatSalmon","False","container-only"
"03AD86:Skyrim.esm","DeathItemFrostAtronach","False","unreached"
"09AF0C:Skyrim.esm","LItemMiscVendorGems25","True","container-only"
"0374E3:Dragonborn.esm","DLC2LItemWeaponBattleAxeTown","True","container-only"
"02B0CE:Dragonborn.esm","DLC2SublistEnchNordicGreatswordShock","True","container-only"
"08757E:Skyrim.esm","LItemJewelryRing","True","both"
"01CD96:Skyrim.esm","SublistEnchDwarvenBattleaxeSoulTrap","True","both"
"02BA6A:Dragonborn.esm","DLC2SublistEnchArmorChitinLightCuirass02","False","container-only"
"0374F8:Dragonborn.esm","DLC2LItemArmorCuirassAnyTown","False","container-only"
"02B9BC:Dragonborn.esm","DLC2SublistEnchStalhrimMaceFrost","True","container-only"
"05BEFF:Skyrim.esm","SublistEnchIronSwordTurn","True","both"
"070F8A:Skyrim.esm","LootVampireJewelry25","False","container-only"
"02BBFE:Dragonborn.esm","DLC2LItemEnchArmorLightHelmet","True","container-only"
"0DDD8E:Skyrim.esm","LItemEnchElvenSwordBoss","False","actor-only"
"014CA1:Dawnguard.esm","DLC1WrathmanSummonedWeapon2H","False","actor-only"
"02B0E4:Dragonborn.esm","DLC2SublistEnchStalhrimBattleaxeSoulTrap","True","container-only"
"0B1FF5:Skyrim.esm","PerkInvestorRiftenMagicList","False","container-only"
"0E0FDA:Skyrim.esm","LItemStaffConjuration50NPC","False","actor-only"
"01657A:Skyrim.esm","LItemWeaponGreatSword","True","both"
"0374E9:Dragonborn.esm","DLC2LItemWeaponWarhammerTown","True","container-only"
"03A1B8:Skyrim.esm","LItemPotionInvisibility","True","both"
"01D2BF:Skyrim.esm","SublistEnchElvenWarhammerMagicka","True","both"
"0DDD8B:Skyrim.esm","LItemEnchDaedricSwordBoss","False","unreached"
"0B555F:Skyrim.esm","LItemEnchArmorHeavyAll","False","both"
"02BA57:Dragonborn.esm","DLC2SublistEnchArmorBonemoldHelmet02","False","unreached"
"01D26E:Skyrim.esm","SublistEnchDwarvenSwordFrost","True","both"
"000F16:Skyrim.esm","SublistWeaponSwordDaedricBest05","False","actor-only"
"09BC40:Skyrim.esm","LItemWeaponDaggerBlacksmith","True","both"
"0A69E7:Skyrim.esm","SublistEnchSteelBattleAxeFrost","True","both"
"01D8D5:Dragonborn.esm","DLC2SpellBookWhirlwindCloak","False","container-only"
"017154:Skyrim.esm","LItemSoldierSonsArmorSet01","False","unreached"
"0899D0:Skyrim.esm","SublistEnchGlassBowShock","True","both"
"0F6F27:Skyrim.esm","SublistArmorSteelGauntletsVariants","False","both"
"026B4F:Dragonborn.esm","DLC2LItemBanditArmor","True","actor-only"
"00CD5A:Dawnguard.esm","DLC1LItemGargoyleMineralsRaw100","False","unreached"
"107345:Skyrim.esm","LItemEnchCircletConjuration","True","both"
"065A40:Skyrim.esm","LItemPotionFortifyMagickaRateBest","True","unreached"
"0AE694:Skyrim.esm","PerkInvestorMarkarthApothecaryList","False","container-only"
"0C2964:Skyrim.esm","LootDraugrSoulGems10","False","unreached"
"084B63:Skyrim.esm","SublistEnchArmorElvenHelmet03","False","both"
"100E6D:Skyrim.esm","LItemEnchRingHealRate","True","both"
"0A69F6:Skyrim.esm","SublistEnchSteelGreatswordFear","True","both"
"04F78D:Skyrim.esm","LootGoldChange25","False","both"
"070C0C:Skyrim.esm","LootDwarvenArmor15","False","container-only"
"08CF6F:Skyrim.esm","SublistEnchElvenDaggerBanish","True","both"
"0F3927:Skyrim.esm","TGStrongboxLoot","False","container-only"
"109D7D:Skyrim.esm","LootPoisonFalmer25","False","actor-only"
"037C0F:Skyrim.esm","BaseArrowDwarven75","False","both"
"02BC1E:Dragonborn.esm","DLC2LItemArmorGauntletsLight","True","container-only"
"03AD8A:Skyrim.esm","DeathItemFrostbiteSpiderGiant","False","unreached"
"028B45:Skyrim.esm","ArmorSteelNoHelmetSet","False","actor-only"
"107346:Skyrim.esm","LItemEnchCircletDestruction","True","both"
"0AE733:Skyrim.esm","SublistEnchHuntingBowTurn","True","both"
"10C1F1:Skyrim.esm","LItemIngredientDragonsTongue75","False","container-only"
"02C468:Dragonborn.esm","DLC2LItemIngredientsCommon","False","container-only"
"0FCC14:Skyrim.esm","TGLvlItemNightingaleGloves","True","unreached"
"0D54C3:Skyrim.esm","VendorGoldFenceStage04","False","container-only"
"02B9E9:Dragonborn.esm","DLC2SublistEnchStalhrimSwordStamina","True","container-only"
"01D2C1:Skyrim.esm","SublistEnchElvenWarhammerSoulTrap","True","both"
"1046D7:Skyrim.esm","LItemJewelryRing75","True","unreached"
"0B50FC:Skyrim.esm","SublistEnchArmorSteelCuirass02","False","both"
"0A69E9:Skyrim.esm","SublistEnchSteelBattleAxeShock","True","both"
"0AF024:Skyrim.esm","TGRewardPotionInvisibilityBest","True","both"
"02BA6D:Dragonborn.esm","DLC2SublistEnchArmorChitinHeavyCuirass04","False","container-only"
"0A272C:Skyrim.esm","LItemSpellTomes25Destruction","False","both"
"1031CD:Skyrim.esm","LItemArmorLightAllSpecial","False","container-only"
"10C1F6:Skyrim.esm","LItemIngredientMushroom03_75","False","container-only"
"0165C3:Skyrim.esm","LitemArmorShieldHeavyTown","True","both"
"02B9A0:Dragonborn.esm","DLC2SublistEnchStalhrimDaggerMagicka","True","container-only"
"02B0B1:Dragonborn.esm","DLC2SublistEnchNordicBowFrost","True","container-only"
"0899D2:Skyrim.esm","SublistEnchGlassBowStamina","True","both"
"0165B9:Skyrim.esm","LItemWeaponAny2H","False","actor-only"
"01710F:Skyrim.esm","LItemIngotSilver50","False","container-only"
"1031A6:Skyrim.esm","LItemEnchWeaponWarAxeSpecial","True","container-only"
"08B652:Skyrim.esm","SublistEnchArmorDwarvenHelmet04","False","both"
"1046DA:Skyrim.esm","LItemJewelryNecklace75","True","unreached"
"070C1E:Skyrim.esm","LootDwarvenWeapon15","False","container-only"
"026C86:Dragonborn.esm","DLC2StalhrimHeavyBoss","False","actor-only"
"1031BA:Skyrim.esm","LItemEnchArmorHeavyShieldSpecial","True","container-only"
"089D5C:Skyrim.esm","SublistEnchEbonyBowShock","True","both"
"0374EE:Dragonborn.esm","DLC2LItemArmorBootsHeavyTown","True","container-only"
"0DDD86:Skyrim.esm","LItemEnchElvenWarhammerBoss","False","actor-only"
"01CB17:Skyrim.esm","SublistEnchOrcishWarhammerFear","True","both"
"017105:Skyrim.esm","LItemIngotIron50","False","container-only"
"02AAEF:Dragonborn.esm","DLC2SublistEnchNordicMaceFire","True","container-only"
"02B0B3:Dragonborn.esm","DLC2SublistEnchNordicBowParalyze","True","container-only"
"0FFF53:Skyrim.esm","TGProwlersProfitGems100","False","both"
"1072FA:Skyrim.esm","SublistEnchEbonyMaceAbsorbStamina","True","both"
"02BC34:Dragonborn.esm","DLC2LItemEnchWeaponMaceSpecial","True","container-only"
"013F2A:Skyrim.esm","ArmorImperialHeavySet","False","actor-only"
"02BA82:Dragonborn.esm","DLC2SublistEnchArmorNordicHeavyCuirass04","False","container-only"
"02C450:Dragonborn.esm","DLC2LootDwarvenChestBossBase","False","container-only"
"1046E5:Skyrim.esm","LItemFoodChild75","False","unreached"
"01D2A5:Skyrim.esm","SublistEnchElvenMaceFire","True","both"
"01715A:Skyrim.esm","LItemSoldierSonsBattleaxe","True","both"
"08A9A2:Skyrim.esm","SublistEnchDaedricBattleAxeParalyze","True","both"
"037848:Dragonborn.esm","DLC2LItemOreStalhrim75","False","container-only"
"072AEB:Skyrim.esm","VendorGoldStreetVendor","False","both"
"0D8832:Skyrim.esm","TGPotionsAllLists","False","both"
"0571AB:Skyrim.esm","LItemWeaponWarAxeBest","True","both"
"02B0CD:Dragonborn.esm","DLC2SublistEnchNordicGreatswordParalyze","True","container-only"
"10FCF0:Skyrim.esm","LItemSpellTomes50Spells","False","container-only"
"01D269:Skyrim.esm","SublistEnchDwarvenMaceSoulTrap","True","both"
"105EEF:Skyrim.esm","LItemWarlockRobesMagickaRate","True","actor-only"
"0ABD9A:Skyrim.esm","PerkInvestorRiverwoodAlvorList","False","container-only"
"089927:Skyrim.esm","SublistEnchIronWarAxeSoulTrap","True","both"
"0B5093:Skyrim.esm","LItemEnchArmorHeavyShield","True","both"
"0165C0:Skyrim.esm","LItemWeaponGreatSwordTown","True","both"
"0B421D:Skyrim.esm","SublistEnchArmorHideShield03","False","both"
"032C79:Dragonborn.esm","DLC2DeathItemRieklingMissile","False","unreached"
"08B5E5:Skyrim.esm","SublistEnchDaedricDaggerStamina","True","both"
"1031C0:Skyrim.esm","LItemEnchArmorHeavyAllSpecial","False","container-only"
"032C7C:Dragonborn.esm","DLC2LootBoarMushroom50","False","unreached"
"02B0E0:Dragonborn.esm","DLC2SublistEnchStalhrimBattleaxeFrost","True","container-only"
"015CB5:Dawnguard.esm","DLC1LItemWeaponFalmerShaman","False","actor-only"
"08B605:Skyrim.esm","SublistEnchDaedricGreatswordMagicka","True","both"
"0AE734:Skyrim.esm","SublistEnchImperialBowFear","True","both"
"0AF075:Skyrim.esm","TGRewardPotionWaterbreathingBest","True","both"
"01E1B4:Dragonborn.esm","DLC2LItemFoodLeek75","False","container-only"
"0AE72E:Skyrim.esm","SublistEnchHuntingBowFrost","True","both"
"08B641:Skyrim.esm","SublistEnchDaedricSwordShock","True","both"
"01D276:Skyrim.esm","SublistEnchDwarvenWarAxeFrost","True","both"
"02B9CE:Dragonborn.esm","DLC2SublistEnchStalhrimSwordSoulTrap","True","container-only"
"107315:Skyrim.esm","SublistEnchElvenWarAxeAbsorbStamina","True","both"
"017002:Skyrim.esm","LItemEnchSteelWeaponDremoraFire","False","actor-only"
"01D2AF:Skyrim.esm","SublistEnchElvenSwordMagicka","True","both"
"000ED3:Skyrim.esm","LItemEnchWeaponDaggerBlacksmith15","True","container-only"
"0EF57D:Skyrim.esm","TG04GulumEiDeathItem","False","unreached"
"0B1FF4:Skyrim.esm","PerkInvestorSolitudeMagicList","False","container-only"
"019550:Dragonborn.esm","DLC2ExpSpiderAlbinoDeathItemButtDamaged","False","unreached"
"10EB31:Skyrim.esm","LItemIronOrSteelSword","False","actor-only"
"08CA48:Skyrim.esm","LItemOrcStrongholdShield","True","actor-only"
"08C4DE:Skyrim.esm","SublistEnchDaedricWarAxeSoulTrap","True","both"
"087131:Skyrim.esm","LItemIngredientsCommon","False","both"
"01C0B4:Skyrim.esm","SublistEnchOrcishGreatswordFrost","True","both"
"02BC07:Dragonborn.esm","DLC2LItemEnchWeaponSword","True","container-only"
"01E60A:Skyrim.esm","LItemBanditWeapon","False","actor-only"
"08CA3F:Skyrim.esm","LItemOrcStrongholdBattleaxe","True","actor-only"
"065A3D:Skyrim.esm","LItemPotionHealRateBest","True","unreached"
"000EF5:Skyrim.esm","SublistArmorGauntletsDaedric05","False","both"
"1031B1:Skyrim.esm","LItemWeaponWarAxeSpecial","True","container-only"
"10733B:Skyrim.esm","SublistEnchOrcishSwordAbsorbMagicka","True","both"
"0A6E7A:Skyrim.esm","CWSoldierSonsGear","False","both"
"017108:Skyrim.esm","LItemIngotCorundum50","False","container-only"
"106D0C:Skyrim.esm","LItemBanditCuirassVariants","False","actor-only"
"10FE64:Skyrim.esm","TG02MercLItemSword","False","actor-only"
"01D2B4:Skyrim.esm","SublistEnchElvenWarAxeFear","True","both"
"01C786:Skyrim.esm","SublistEnchOrcishWarAxeFear","True","both"
"0166F8:Skyrim.esm","LItemArmorCuirassHeavy","True","both"
"0494B0:Skyrim.esm","FavorRewardEnchSword","False","unreached"
"02BA89:Dragonborn.esm","DLC2SublistEnchArmorNordicHeavyGauntlets05","False","container-only"
"03AD9F:Skyrim.esm","DeathItemWolfIce","False","unreached"
"02BA76:Dragonborn.esm","DLC2SublistEnchArmorChitinShield03","False","container-only"
"02B0ED:Dragonborn.esm","DLC2SublistEnchStalhrimBowParalyze","True","container-only"
"037847:Dragonborn.esm","DLC2LItemEnchStalhrimArmorAny75","False","container-only"
"0CAF50:Skyrim.esm","LItemEnchElvenWarhammer","False","both"
"10C1F0:Skyrim.esm","LItemIngredientCanisRoot75","False","container-only"
"02BA88:Dragonborn.esm","DLC2SublistEnchArmorNordicHeavyGauntlets04","False","container-only"
"1072FF:Skyrim.esm","SublistEnchEbonyWarAxeAbsorbMagicka","True","both"
"068837:Skyrim.esm","LootDraugrWeapon15","False","container-only"
"0DDD8D:Skyrim.esm","LItemEnchEbonySwordSword","False","unreached"
"04C3AB:Skyrim.esm","SublistThalmorRobes","False","unreached"
"0374F4:Dragonborn.esm","DLC2LItemArmorHelmetLightTown","True","container-only"
"02AAEA:Dragonborn.esm","DLC2SublistEnchNordicMaceAbsorbHealth","True","container-only"
"0CD9EE:Skyrim.esm","LItemArmorCuirassHeavyReward","True","unreached"
"1031D0:Skyrim.esm","LItemSpecialLoot100","False","container-only"
"071520:Skyrim.esm","LootCWImperialsWeapon15","False","container-only"
"07D978:Skyrim.esm","SublistThalmorGlassArmorNoHelmet","False","actor-only"
"09AF08:Skyrim.esm","LItemMiscVendorWeapon75","False","container-only"
"072AED:Skyrim.esm","VendorGoldBlacksmithOrc","False","container-only"
"10C1F2:Skyrim.esm","LItemIngredientMoraTapinella75","False","container-only"
"000F27:Skyrim.esm","SublistEnchArmorBoots04Daedric05","False","both"
"0CB3D4:Skyrim.esm","LItemEnchEbonyWeaponShock","False","unreached"
"10E0E2:Skyrim.esm","LootToolRandom05","False","actor-only"
"03ADA0:Skyrim.esm","DeathItemVampire","False","unreached"
"0FDE78:Skyrim.esm","MGRitualConjurationBooks","False","container-only"
"065A76:Skyrim.esm","LItemPoisonDrainArmorSkills","False","both"
"07A835:Skyrim.esm","SublistEnchArmorIronShield01","False","both"
"10C1F7:Skyrim.esm","LItemIngredientSpiderEgg75","False","container-only"
"0A6E61:Skyrim.esm","CWSoldierImperialGear","False","actor-only"
"0F77F0:Skyrim.esm","DragonBones75","False","unreached"
"000EFF:Skyrim.esm","SublistArmorShieldDaedricBest05","False","actor-only"
"0FD991:Skyrim.esm","SublistEnchArmorOrcishCuirass04","False","both"
"0CB3E8:Skyrim.esm","LItemEnchDaedricWeaponStamina","False","unreached"
"000F05:Skyrim.esm","SublistArmorGauntletsDragonscale05","False","both"
"1031B6:Skyrim.esm","LItemEnchArmorHeavyBootsSpecial","True","container-only"
"028576:Dragonborn.esm","DLC2LItemSpellTomes75Alteration","False","unreached"
"0C9A3C:Skyrim.esm","LItemEnchDwarvenWeaponFrost","False","unreached"
"02AAC3:Dragonborn.esm","DLC2SublistEnchNordicWarAxeFrost","True","both"
"05BEFD:Skyrim.esm","SublistEnchIronSwordMagicka","True","both"
"08CA43:Skyrim.esm","LItemOrcStrongholdWarhammer","True","actor-only"
"071138:Skyrim.esm","LootHagravenGems100","False","container-only"
"0F4C83:Skyrim.esm","LItemArmorDwarvenShieldHeavy","True","unreached"
"02B0E2:Dragonborn.esm","DLC2SublistEnchStalhrimBattleaxeParalyze","True","container-only"
"089D9A:Skyrim.esm","SublistEnchEbonyDaggerMagicka","True","both"
"0B5086:Skyrim.esm","SublistEnchArmorIronBoots02","False","both"
"01673A:Skyrim.esm","LItemArmorBootsHeavy","True","both"
"01CB16:Skyrim.esm","SublistEnchOrcishWarAxeTurn","True","both"
"0165C5:Skyrim.esm","LItemWeaponAny1HTown","False","both"
"02BC27:Dragonborn.esm","DLC2LItemEnchArmorLightCuirassSpecial","True","container-only"
"0ABF52:Skyrim.esm","ArmorStormcloakBearSet","False","unreached"
"1031AE:Skyrim.esm","LItemWeaponDaggerSpecial","True","container-only"
"10CD64:Skyrim.esm","LItemFoodFishSpadetail25","False","container-only"
"065A87:Skyrim.esm","LItemPoisonWeaknessShock","True","both"
"01D272:Skyrim.esm","SublistEnchDwarvenSwordStamina","True","both"
"02B0B8:Dragonborn.esm","DLC2SublistEnchNordicDaggerAbsorbHealth","True","container-only"
"0A197E:Skyrim.esm","LItemWerewolfBossGreatsword","True","actor-only"
"000ED7:Skyrim.esm","LItemEnchWeaponSwordBlacksmith","True","both"
"0351DA:Skyrim.esm","LItemStaffConjuration00","False","both"
"1034F7:Skyrim.esm","LItemWESpellswordCuirass","True","actor-only"
"10F64E:Skyrim.esm","LItemSpellTomes00AllAlteration","False","container-only"
"0A6A29:Skyrim.esm","SublistEnchSteelWarhammerFire","True","both"
"000F26:Skyrim.esm","SublistEnchWeaponWarhammerDaedric05","False","both"
"070C0B:Skyrim.esm","LootDwarvenArmor100","False","container-only"
"10E0E3:Skyrim.esm","LootBanditIngots05","False","actor-only"
"09AF18:Skyrim.esm","LItemClothesRegular","False","container-only"
"01D28D:Skyrim.esm","SublistEnchElvenBowFire","True","both"
"02C48E:Dragonborn.esm","DLC2SublistEnchNordicGreatswordChaos","True","container-only"
"024303:Skyrim.esm","LItemDraugr02WeaponBowSublist","True","actor-only"
"03B0CE:Skyrim.esm","dunSilentMoonsEnchWeapon1H","False","unreached"
"0F4C8B:Skyrim.esm","LItemWeaponDwarvenWarAxe","True","unreached"
"035313:Skyrim.esm","LItemStaffRestoration25","False","both"
"10106B:Skyrim.esm","LItemEnchNecklaceResistFrost","True","both"
"0173D1:Skyrim.esm","LItemBlacksmithArmor100","False","container-only"
"10FAC1:Skyrim.esm","LootForswornRandomWizard","False","actor-only"
"08A995:Skyrim.esm","SublistEnchEbonyWarhammerSoulTrap","True","both"
"02C491:Dragonborn.esm","DLC2SublistEnchNordicWarAxeChaos","True","both"
"10FCFC:Skyrim.esm","LootUrnSmallTreasure30","False","container-only"
"065A4E:Skyrim.esm","LItemPotionFortifyHeavyArmorBest","True","container-only"
"1072F3:Skyrim.esm","SublistEnchEbonyDaggerAbsorbMagicka","True","both"
"0EA146:Skyrim.esm","LItemSoldierSonsWeapon1H","False","unreached"
"08A0FC:Skyrim.esm","SublistEnchEbonyGreatswordMagicka","True","both"
"05719E:Skyrim.esm","LItemWeaponBowBest","True","both"
"037502:Dragonborn.esm","DLC2LItemBlacksmithMinimum","False","container-only"
"0FCC15:Skyrim.esm","TGLvlItemNightingaleHelmet","True","unreached"
"092A0E:Skyrim.esm","SublistEnchArmorSteelPlateCuirass04","False","both"
"02BC21:Dragonborn.esm","DLC2LItemArmorShieldHeavy","True","container-only"
"1031A5:Skyrim.esm","LItemEnchWeaponSwordSpecial","True","container-only"
"065A88:Skyrim.esm","LItemPoisonWeaknessMagic","True","both"
"037504:Dragonborn.esm","DLC2LItemEnchArmorHeavyCuirassNoDragon","True","container-only"
"01FF05:Dragonborn.esm","DLC2LItemArmorBootsHeavyBest","True","container-only"
"100E73:Skyrim.esm","LItemEnchRingMagickaRate","True","both"
"02B0D4:Dragonborn.esm","DLC2LItemEnchNordicDagger","False","container-only"
"103AD3:Skyrim.esm","LootDwarvenSpiderSoulGem50","False","unreached"
"000EF3:Skyrim.esm","SublistArmorCuirassDaedricBest05","False","unreached"
"08CA3E:Skyrim.esm","LItemOrcStrongholdBow","True","actor-only"
"0FD99B:Skyrim.esm","SublistEnchArmorOrcishGauntlets05","False","both"
"10B2F0:Skyrim.esm","OutfitListGuardWhiterunNormalHelmet","False","actor-only"
"073F63:Skyrim.esm","LItemPoisonFearBest","True","both"
"02BA71:Dragonborn.esm","DLC2SublistEnchArmorChitinHeavyGauntlets03","False","container-only"
"10BF6E:Skyrim.esm","LItemFoodCabbage","False","container-only"
"02B9B9:Dragonborn.esm","DLC2SublistEnchStalhrimMaceBanish","True","container-only"
"01D2B5:Skyrim.esm","SublistEnchElvenWarAxeFire","True","both"
"1072E2:Skyrim.esm","SublistEnchDwarvenGreatswordAbsorbStamina","True","both"
"089934:Skyrim.esm","LItemEnchIronWeaponFire","False","unreached"
"0A6A37:Skyrim.esm","LItemEnchSteelWeaponSoulTrap","False","unreached"
"011D66:Dawnguard.esm","DLC1LItemStaffFalmer50","False","actor-only"
"065A9E:Skyrim.esm","LItemPoisonWeaknessFrostBest","True","unreached"
"0FD9D6:Skyrim.esm","SublistEnchArmorDragonplateShield05","False","both"
"01D26D:Skyrim.esm","SublistEnchDwarvenSwordFire","True","both"
"0571AF:Skyrim.esm","LItemArmorGauntletsAnyBest","False","unreached"
"01FF0E:Dragonborn.esm","DLC2LItemWeaponGreatSwordDremora","True","container-only"
"105EF6:Skyrim.esm","LootEnchWarlockRobes25","True","unreached"
"0F628C:Skyrim.esm","LItemBlacksmithMinHelmetLight","True","container-only"
"1072EA:Skyrim.esm","SublistEnchDwarvenWarAxeAbsorbMagicka","True","both"
"0350A0:Skyrim.esm","LootWarlockGems100","False","container-only"
"075922:Skyrim.esm","VendorBlacksmithEnchArmorLevel20","False","container-only"
"0CB3BB:Skyrim.esm","LItemEnchGlassWarhammer","False","both"
"03C40F:Dragonborn.esm","DLC2MQ06MiraakFightSword","True","unreached"
"101DAA:Skyrim.esm","LootDwarvenGoldBoss","True","container-only"
"0CAF02:Skyrim.esm","LItemEnchElvenGreatsword","False","both"
"09F7EC:Skyrim.esm","WE17BanditOutfitList2","False","actor-only"
"0351DB:Skyrim.esm","LItemStaffConjuration25","False","both"
"0A2980:Skyrim.esm","LItemSpellTomes25AllIllusion","False","container-only"
"09BC2F:Skyrim.esm","LItemBlacksmithArrows75","True","container-only"
"03A1BB:Skyrim.esm","LItemPotionResistShock","True","both"
"1072CF:Skyrim.esm","SublistEnchDaedricMaceAbsorbMagicka","True","both"
"0E93D1:Skyrim.esm","LItemMiscItemsChild","False","unreached"
"00E903:Dawnguard.esm","DLC1LItemEnchWeaponBowSpecial","True","unreached"
"10DF60:Skyrim.esm","LItemEnchNecklaceBlock","True","both"
"01D26C:Skyrim.esm","SublistEnchDwarvenSwordFear","True","both"
"0D06FB:Skyrim.esm","LootGiantWeapon50","False","container-only"
"02B0CB:Dragonborn.esm","DLC2SublistEnchNordicGreatswordFrost","True","container-only"
"0374EF:Dragonborn.esm","DLC2LItemArmorCuirassHeavyTown","True","container-only"
"02B9E7:Dragonborn.esm","DLC2SublistEnchStalhrimWarhammerTurn","True","container-only"
"0B5083:Skyrim.esm","SublistEnchArmorLeatherHelmet01","False","both"
"10D95B:Skyrim.esm","LItemBarrelFoodSameSmall","False","container-only"
"0D6984:Skyrim.esm","LItemPotionFortifySpeechcraftVariants","False","both"
"10D961:Skyrim.esm","LItemFoodTomatoSmall","False","container-only"
"035060:Skyrim.esm","LootWarlockChestPotions15","False","container-only"
"0A2986:Skyrim.esm","LItemSpellTomes75AllRestoration","False","container-only"
"0899D1:Skyrim.esm","SublistEnchGlassBowSoulTrap","True","both"
"0A6A32:Skyrim.esm","LItemEnchSteelWeaponFire","False","unreached"
"02E1EA:Skyrim.esm","LItemVampireBoots","True","unreached"
"10BF6B:Skyrim.esm","LItemFoodCarrot75","False","container-only"
"01FF01:Dragonborn.esm","DLC2LItemEnchArmorHeavyGauntletsDremora","True","container-only"
"10854E:Skyrim.esm","LItemSummersetShadowsWeapon1H","False","unreached"
"002FDA:Update.esm","cc_ShiveringIsleIngredients","False","unreached"
"06A3C9:Skyrim.esm","LootForswornScrolls100","True","unreached"
"011F3B:Dawnguard.esm","DLC1LItemDisguisedVampireInventory","False","actor-only"
"105251:Skyrim.esm","LItemEnchNecromancerRobes","True","actor-only"
"0C9A32:Skyrim.esm","LItemEnchDwarvenBow","False","both"
"000F19:Skyrim.esm","SublistWeaponWarhammerDaedric05","False","both"
"003055:Update.esm","ccFFBSSE002_LItemCrossbows","False","container-only"
"01EBE8:Skyrim.esm","LootFalmerOre25","True","container-only"
"00F1AD:Dawnguard.esm","DLC1LItemAmmoDwarvenBoltsEnhancedGated","False","container-only"
"07D982:Skyrim.esm","SublistThalmorBowAndArrowsSteel","False","actor-only"
"03783F:Dragonborn.esm","DLC2LItemEnchArmorHeavyAllNoDragon","False","container-only"
"024330:Skyrim.esm","LItemDraugr05EWeapon2H","False","actor-only"
"02C499:Dragonborn.esm","DLC2SublistEnchStahlrimWarAxeChaos","True","both"
"10D9C9:Skyrim.esm","LItemFoodMeatSalmon75","False","container-only"
"107310:Skyrim.esm","SublistEnchElvenSwordAbsorbHealth","True","both"
"1031A4:Skyrim.esm","LItemEnchWeaponMaceSpecial","True","container-only"
"08FFEC:Skyrim.esm","LItemEnchOrcishBattleaxeSoulTrap","True","unreached"
"0D0700:Skyrim.esm","LootGiantSoulGems15","False","container-only"
"1031A8:Skyrim.esm","LItemEnchWeapon1HSpecial","False","container-only"
"000F24:Skyrim.esm","SublistEnchWeaponWarAxeDaedric05","False","both"
"02AAED:Dragonborn.esm","DLC2SublistEnchNordicMaceBanish","True","container-only"
"04930B:Skyrim.esm","FavorRewardArmor","False","unreached"
"011D68:Dawnguard.esm","DLC1LootSphereBolts","False","unreached"
"02AAE3:Dragonborn.esm","DLC2SublistEnchNordicSwordFrost","True","container-only"
"0AE738:Skyrim.esm","SublistEnchImperialBowShock","True","both"
"08B5E6:Skyrim.esm","SublistEnchDaedricDaggerTurn","True","both"
"09A772:Skyrim.esm","DeathItemHare","False","unreached"
"074A2C:Skyrim.esm","LItemPoisonDamageHealthLingering","True","actor-only"
"02BA6F:Dragonborn.esm","DLC2SublistEnchArmorChitinHeavyGauntlets02","False","container-only"
"0F6285:Skyrim.esm","LItemBlacksmithMinBootsHeavy","True","container-only"
"02BAA0:Dragonborn.esm","DLC2SublistEnchArmorStalhrimLightGauntlets04","False","container-only"
"1072D7:Skyrim.esm","SublistEnchDaedricWarhammerAbsorbHealth","True","both"
"064A66:Skyrim.esm","LItemDA13ArmorHelmetLight20","True","actor-only"
"04B578:Skyrim.esm","SublistEnchIronWarAxeShock","True","both"
"00D0EB:Dawnguard.esm","DLC1LItemEnchDawnguardCrossbowLoot75Gated","True","unreached"
"0AE747:Skyrim.esm","LItemEnchOrcishBow","False","both"
"0C9A26:Skyrim.esm","LItemEnchOrcishSword","False","both"
"065A53:Skyrim.esm","LItemPotionFortifyOneHandedBest","True","both"
"0D06FE:Skyrim.esm","LootGiantEnchArmor25","False","container-only"
"03509C:Skyrim.esm","LootWarlockWeapon15","False","unreached"
"1072F6:Skyrim.esm","SublistEnchEbonyGreatswordAbsorbMagicka","True","both"
"02BC0A:Dragonborn.esm","DLC2LItemEnchWeapon1H","False","container-only"
"0D6983:Skyrim.esm","LItemPotionFortifySpeechcraftPersuasionBest","True","both"
"044302:Skyrim.esm","LItemForswornBossWarAxe","True","actor-only"
"0B420C:Skyrim.esm","LootBanditArrows100","False","container-only"
"03A105:Skyrim.esm","LItemPotionFortifySpeechcraftBarter","True","both"
"0A2981:Skyrim.esm","LItemSpellTomes25AllRestoration","False","container-only"
"074A35:Skyrim.esm","LItemPoisonMagicEffects","False","both"
"00FF38:Dawnguard.esm","DLC1SublistKeeperArrows","False","unreached"
"000F1A:Skyrim.esm","SublistWeaponWarhammerDaedricBest05","False","unreached"
"0C9A33:Skyrim.esm","LItemEnchDwarvenDagger","False","both"
"1046D9:Skyrim.esm","LItemJewelryNecklace25","True","unreached"
"02BC30:Dragonborn.esm","DLC2LItemEnchWeaponBattleAxeSpecial","True","container-only"
"01C5DF:Skyrim.esm","ArmorImperialHeavySetNoHelmet","False","actor-only"
"03C40C:Dragonborn.esm","DLC2MQ06MiraakFightRobes","True","actor-only"
"0D8E88:Skyrim.esm","TGCoinPurseGoldMedium","False","unreached"
"0F6283:Skyrim.esm","LItemBlacksmithMinGreatsword","True","container-only"
"065A44:Skyrim.esm","LItemPotionResistShockBest","True","both"
"10D9CC:Skyrim.esm","LItemFoodMeatChicken","False","container-only"
"10350F:Skyrim.esm","LItemWEThiefGauntlets50","True","actor-only"
"0FD9C4:Skyrim.esm","SublistEnchArmorDragonplateCuirass05","False","both"
"1031C7:Skyrim.esm","LItemArmorGauntletsLightSpecial","True","container-only"
"1019D0:Skyrim.esm","LootDraugr1HWeapon100","False","actor-only"
"10731D:Skyrim.esm","SublistEnchGlassDaggerAbsorbMagicka","True","both"
"065A59:Skyrim.esm","LItemPotionFortifyTwoHandedBest","True","container-only"
"011D64:Dawnguard.esm","DLC1LitemStaffFalmer00","False","actor-only"
"08CA3C:Skyrim.esm","LItemOrcStrongholdMace","True","actor-only"
"0FD9EA:Skyrim.esm","SublistEnchArmorScaledGauntlets04","False","both"
"0E0FE3:Skyrim.esm","LItemStaffChainLightning50","False","actor-only"
"08CA38:Skyrim.esm","LItemWeaponDaggerBoss","True","actor-only"
"073F62:Skyrim.esm","LItemPoisonFrenzyBest","True","both"
"000EEF:Skyrim.esm","SublistArmorBootsDaedricBest05","False","actor-only"
"04B57B:Skyrim.esm","SublistEnchSteelSwordShock","True","both"
"0A273E:Skyrim.esm","LItemSpellTomes50MixedSkills","False","container-only"
"08A101:Skyrim.esm","SublistEnchEbonyGreatswordTurn","True","both"
"01D263:Skyrim.esm","SublistEnchDwarvenGreatswordTurn","True","both"
"08993D:Skyrim.esm","LItemEnchWeaponSoulTrap","True","unreached"
"08A147:Skyrim.esm","SublistEnchEbonyWarAxeFire","True","both"
"07103B:Skyrim.esm","LootVampireChestBossBase","False","container-only"
"070C12:Skyrim.esm","LootDwarvenEnchWeapons100","False","container-only"
"08FFF7:Skyrim.esm","LootFalmerLockpick15","False","container-only"
"0A273B:Skyrim.esm","LItemSpellTomes100Destruction","False","unreached"
"0A69FB:Skyrim.esm","SublistEnchSteelGreatswordSoulTrap","True","both"
"02BBF7:Dragonborn.esm","DLC2LItemEnchArmorHeavyCuirass","True","container-only"
"0181A6:Dawnguard.esm","DLC1_WESC_DawnguardCacheGold","True","container-only"
"0494DF:Skyrim.esm","FavorRewardGoldSmall","False","unreached"
"0FD9C0:Skyrim.esm","SublistEnchArmorDaedricShield04","False","both"
"015BE3:Skyrim.esm","LItemBanditHeavyCuirass","True","actor-only"
"0571A7:Skyrim.esm","LItemWeaponMaceBest","True","actor-only"
"01F323:Dragonborn.esm","DLC2RR02MirriDeathItem","False","unreached"
"01D2A6:Skyrim.esm","SublistEnchElvenMaceFrost","True","both"
"10FABA:Skyrim.esm","LootForswornCorpseGold","False","actor-only"
"0C9A2E:Skyrim.esm","LItemEnchOrcishWeaponSoulTrap","False","unreached"
"0F8A49:Skyrim.esm","FavorRewardEnchAxeBest","False","unreached"
"000F2E:Skyrim.esm","SublistEnchARmorCuirass05Dragonplate05","False","both"
"0FD9C1:Skyrim.esm","SublistEnchArmorDaedricShield05","False","both"
"0571AD:Skyrim.esm","LItemArmorBootsAnyBest","False","actor-only"
"08A141:Skyrim.esm","SublistEnchEbonySwordShock","True","both"
"1093F8:Skyrim.esm","LootStaffsAll","True","container-only"
"01D29D:Skyrim.esm","SublistEnchElvenGreatswordFire","True","both"
"089C17:Skyrim.esm","SublistEnchGlassWarhammerTurn","True","both"
"105EF9:Skyrim.esm","LITemWarlockRobes","True","actor-only"
"0A298C:Skyrim.esm","LItemSpellTomes50AllAlteration","False","container-only"
"03ADA2:Skyrim.esm","DeathItemChaurusEggs25","False","unreached"
"08C8C0:Skyrim.esm","SublistEnchDaedricWarhammerStamina","True","both"
"0B508E:Skyrim.esm","SublistEnchArmorIronShield02","False","both"
"0A69F1:Skyrim.esm","SublistEnchSteelMaceTurn","True","both"
"0A6A2D:Skyrim.esm","SublistEnchSteelWarhammerMagicka","True","both"
"10FAFD:Skyrim.esm","CWSoldierImperialGearNoTorchNoBow","False","actor-only"
"0559F7:Skyrim.esm","LItemDraugrShield50","False","actor-only"
"10FABC:Skyrim.esm","LootForswornPotions10","False","actor-only"
"02B9A1:Dragonborn.esm","DLC2SublistEnchStalhrimDaggerParalyze","True","container-only"
"08A14B:Skyrim.esm","SublistEnchEbonyWarAxeShock","True","both"
"02B9D8:Dragonborn.esm","DLC2SublistEnchStalhrimWarAxeShock","True","both"
"10F9B3:Skyrim.esm","LItemRobesRestoration","True","container-only"
"0FD9F7:Skyrim.esm","SublistEnchArmorGlassGauntlets03","False","both"
"01CB40:Skyrim.esm","SublistEnchOrcishWarhammerShock","True","both"
"09AF0B:Skyrim.esm","LItemMiscVendorAnimalPart75","True","container-only"
"0A6A18:Skyrim.esm","SublistEnchSteelDaggerFear","True","both"
"089920:Skyrim.esm","SublistEnchIronWarhammerFear","True","both"
"02B9E4:Dragonborn.esm","DLC2SublistEnchStalhrimWarhammerShock","True","container-only"
"0899C7:Skyrim.esm","SublistEnchGlassBattleaxeStamina","True","both"
"08CBB1:Skyrim.esm","SublistEnchElvenBattleaxeBanish","True","both"
"0AE695:Skyrim.esm","PerkInvestorMarkarthBlacksmithList","False","container-only"
"0AF19B:Skyrim.esm","PerkInvestorWindhelmBlacksmithList","False","container-only"
"000F1F:Skyrim.esm","SublistEnchWeaponDaggerDaedric05","False","both"
"0A6A26:Skyrim.esm","SublistEnchSteelWarAxeTurn","True","both"
"071276:Skyrim.esm","LootHagravenScrolls100","False","container-only"
"101073:Skyrim.esm","LItemEnchJewelryAll15","False","container-only"
"017007:Skyrim.esm","LItemEnchWeaponBowDremoraFire","True","actor-only"
"0A6A30:Skyrim.esm","SublistEnchSteelWarhammerStamina","True","both"
"101C8F:Skyrim.esm","LItemFoodBlackBriarMeadList","False","container-only"
"02BAA4:Dragonborn.esm","DLC2SublistEnchArmorStalhrimHeavyGauntlets06","False","container-only"
"0C3DE0:Skyrim.esm","LItemEnchImperialSword","True","both"
"01D295:Skyrim.esm","SublistEnchElvenDaggerFire","True","both"
"10FF0A:Skyrim.esm","PenitusGearWithBow","False","actor-only"
"08C8F3:Skyrim.esm","SublistEnchDaedricWarhammerTurn","True","both"
"0F6284:Skyrim.esm","LItemBlacksmithMinWarhammer","True","container-only"
"071551:Skyrim.esm","LootCWSonsChestPotions25","False","container-only"
"08A9A8:Skyrim.esm","SublistEnchDaedricBowFear","True","both"
"011BDB:Dawnguard.esm","DLC1LItemSoulCairnIngredientsDrop","False","unreached"
"0FD9E2:Skyrim.esm","SublistEnchArmorScaledHelmet02","False","both"
"08CA71:Skyrim.esm","SublistEnchElvenGreatswordBanish","True","both"
"0FD827:Skyrim.esm","CWSoldierWoundedOutfitArmBandagesList","False","actor-only"
"10F9D3:Skyrim.esm","LootMiningToolRandom05","False","actor-only"
"0CD9F0:Skyrim.esm","LItemArmorCuirassAnyReward","False","unreached"
"0FD9FF:Skyrim.esm","SublistEnchArmorDragonscaleCuirass06","False","both"
"071523:Skyrim.esm","LootCWSonsChestPotions100","False","container-only"
"0FFF56:Skyrim.esm","TGProwlersProfitGems25","False","both"
"1072C6:Skyrim.esm","SublistEnchDaedricBattleaxeAbsorbMagicka","True","both"
"000ED6:Skyrim.esm","LItemEnchWeaponMaceBlacksmith","True","both"
"074A20:Skyrim.esm","LItemPoisonDamageStaminaLingering","True","actor-only"
"02BA45:Dragonborn.esm","DLC2SublistEnchArmorBonemoldBoots02","False","unreached"
"107303:Skyrim.esm","SublistEnchEbonyWarhammerAbsorbStamina","True","both"
"0EDDD2:Skyrim.esm","LItemStaffDestruction75","False","actor-only"
"014CF7:Dawnguard.esm","DLC1VendorGadgetsSorineJurardBoltsDwarvenGated75","False","container-only"
"0B420F:Skyrim.esm","LootBanditIngots100","False","container-only"
"02BA5E:Dragonborn.esm","DLC2SublistEnchArmorChitinLightHelmet02","False","container-only"
"04C165:Skyrim.esm","LootWarlockSpellTomes00All15","True","both"
"065A61:Skyrim.esm","LItemPotionFortifyStealthSkillsBest","False","container-only"
"105242:Skyrim.esm","LItemSpellVendorStaffsAll75","True","container-only"
"0B5097:Skyrim.esm","SublistEnchArmorBandedIronShield01","False","both"
"03DF1D:Skyrim.esm","LItemBanditBossSword","True","actor-only"
"089D35:Skyrim.esm","SublistEnchEbonyBattleaxeMagicka","True","both"
"08B618:Skyrim.esm","SublistEnchDaedricSwordFrost","True","both"
"02C451:Dragonborn.esm","DLC2LootDwarvenArmor100","False","container-only"
"10FAB1:Skyrim.esm","LItemStaff25NPC","False","actor-only"
"10FAD1:Skyrim.esm","LootStaffsWeaponWarlock","True","actor-only"
"010962:Dawnguard.esm","DLC1LootDragonDaedricArrows","False","unreached"
"1046E4:Skyrim.esm","LootCitizenPocketsChild","False","actor-only"
"0FD9A7:Skyrim.esm","SublistEnchArmorEbonyBoots05","False","both"
"071076:Skyrim.esm","LootVampireSoulGems100","False","container-only"
"00F1A9:Dawnguard.esm","DLC1LItemWeaponCrossBowEnhancedGated","False","container-only"
"103519:Skyrim.esm","LItemWEThiefHood","False","actor-only"
"0571A2:Skyrim.esm","LItemArmorGauntletsHeavyBest","True","unreached"
"016750:Skyrim.esm","LItemArmorHelmetHeavyTown","True","container-only"
"08FFF6:Skyrim.esm","LootDwarvenLockpick15","False","container-only"
"046051:Skyrim.esm","LItemSoldierSonsSword","True","both"
"0B506E:Skyrim.esm","SublistEnchArmorLeatherBoots01","False","both"
"094066:Skyrim.esm","SublistEnchOrcishDaggerFear","True","both"
"01ED0E:Skyrim.esm","LootFalmerEnchWeapons25","False","container-only"
"0D8834:Skyrim.esm","TGLockpicks","False","container-only"
"052B5E:Skyrim.esm","TGREvidenceList","False","unreached"
"1092B3:Skyrim.esm","LItemFalmerArrows","False","actor-only"
"0899FE:Skyrim.esm","SublistEnchGlassWarAxeFire","True","both"
"01C75B:Skyrim.esm","SublistEnchOrcishSwordTurn","True","both"
"08777E:Skyrim.esm","LootBanditJewelry10","False","both"
"084B5F:Skyrim.esm","SublistEnchArmorElvenGauntlets02","False","both"
"094071:Skyrim.esm","SublistEnchOrcishGreatswordFire","True","both"
"105597:Skyrim.esm","OutfitListHoldGuardHelmetsRift","False","actor-only"
"000F35:Skyrim.esm","SublistEnchArmorGauntlets06Daedric05","False","both"
"0ABF3D:Skyrim.esm","ArmorImperialHeavyHelmets","False","unreached"
"10F91A:Skyrim.esm","LItemApothecaryRecipesCommon100","False","both"
"0CB3BA:Skyrim.esm","LItemEnchGlassWarAxe","False","both"
"0CD159:Skyrim.esm","CWMissionReward","False","unreached"
"0A69E8:Skyrim.esm","SublistEnchSteelBattleAxeMagicka","True","both"
"10FADB:Skyrim.esm","LootThalmorDrinkList25","False","actor-only"
"0AE746:Skyrim.esm","LItemEnchImperialBow","False","both"
"1031BE:Skyrim.esm","LItemEnchArmorLightHelmetSpecial","True","container-only"
"0A69F9:Skyrim.esm","SublistEnchSteelGreatswordMagicka","True","both"
"10350D:Skyrim.esm","LItemWEThiefBoots","True","actor-only"
"0351D9:Skyrim.esm","LItemStaffAlteration75","False","both"
"037C13:Skyrim.esm","BaseArrowEbony75","False","both"
"10734C:Skyrim.esm","LItemEnchCircletAll","False","both"
"01D2A0:Skyrim.esm","SublistEnchElvenGreatswordShock","True","both"
"03AD7E:Skyrim.esm","DeathItemDragonPriest","False","unreached"
"071081:Skyrim.esm","LootHagravenChestPotions25","False","both"
"0C9A35:Skyrim.esm","LItemEnchDwarvenMace","False","both"
"08CA09:Skyrim.esm","SublistEnchElvenWarhammerBanish","True","both"
"07D980:Skyrim.esm","SublistThalmorArrowsElven","False","actor-only"
"02B0D6:Dragonborn.esm","DLC2LItemEnchNordicMace","False","container-only"
"10E8A9:Skyrim.esm","LootFurnitureGemsJewelry50","False","container-only"
"017110:Skyrim.esm","LootSilverHandRandom","False","actor-only"
"107308:Skyrim.esm","SublistEnchElvenDaggerAbsorbMagicka","True","both"
"01FEFF:Dragonborn.esm","DLC2LItemEnchArmorHeavyBootsDremora","True","container-only"
"02BA6B:Dragonborn.esm","DLC2SublistEnchArmorChitinHeavyCuirass03","False","container-only"
"02B0AA:Dragonborn.esm","DLC2SublistEnchNordicBattleaxeShock","True","container-only"
"074A25:Skyrim.esm","LItemPoisonDamageStaminaAllBest","False","unreached"
"0DDDA0:Skyrim.esm","LItemEnchIronWarAxeBoss","False","actor-only"
"10FAC9:Skyrim.esm","LootDraugrChestPotions05","False","actor-only"
"0F4C88:Skyrim.esm","LItemWeaponDwarvenMace","True","unreached"
"1072DF:Skyrim.esm","SublistEnchDwarvenDaggerAbsorbStamina","True","both"
"002F94:Update.esm","LLI_Vendor_SpecialItems","False","container-only"
"0B5071:Skyrim.esm","SublistEnchArmorLeatherCuirass01","False","both"
"04A40F:Skyrim.esm","FavorRewardJewelry","False","unreached"
"0FDA18:Skyrim.esm","LItemEnchArmorLightAllNoDragon","False","container-only"
"0FFF52:Skyrim.esm","TGLootProwlersProfit","False","both"
"02DF95:Skyrim.esm","LItemVampireCuirass","True","unreached"
"09CD40:Skyrim.esm","LItemApothecaryPotionAllSkills75","False","container-only"
"02AACB:Dragonborn.esm","DLC2SublistEnchNordicWarhammerAbsorbMagicka","True","container-only"
"02BBFD:Dragonborn.esm","DLC2LItemEnchArmorLightGauntlets","True","container-only"
"073FAC:Skyrim.esm","LItemPoisonDrainMagicSkillsBest","False","both"
"087138:Skyrim.esm","LItemLootIMineralsProcessed","True","both"
"03AD81:Skyrim.esm","DeathItemDwarvenCenturion","False","unreached"
"017102:Skyrim.esm","VendorGoldBlacksmithTown","False","container-only"
"02B9D9:Dragonborn.esm","DLC2SublistEnchStalhrimWarAxeStamina","True","both"
"043BD6:Skyrim.esm","LItemForswornWeaponBow","True","unreached"
"01ECDE:Skyrim.esm","LootFalmerWeapon100","False","container-only"
"017152:Skyrim.esm","LItemSoldierSonsHelmetBest","False","unreached"
"100E6B:Skyrim.esm","LItemEnchRingDestruction","True","both"
"075921:Skyrim.esm","VendorBlacksmithEnchArmorLevel10","False","container-only"
"0E3E99:Skyrim.esm","LItemPotionAll","False","both"
"0899C1:Skyrim.esm","SublistEnchGlassBattleaxeFire","True","both"
"088513:Skyrim.esm","LootDraugrGoldBoss01","True","both"
"0FDE7C:Skyrim.esm","MGRitualRestorationBooks","False","container-only"
"037C1B:Skyrim.esm","LItemBanditWeapon1H","False","actor-only"
"08A821:Skyrim.esm","SublistEnchEbonyWarhammerParalyze","True","both"
"02BA4B:Dragonborn.esm","DLC2SublistEnchArmorBonemoldCuirass02","False","unreached"
"08CA45:Skyrim.esm","LItemOrcStrongholdCuirass","True","actor-only"
"100E83:Skyrim.esm","LItemEnchRingTwoHanded","True","both"
"0CD9F6:Skyrim.esm","LItemArmorShieldLightReward","True","unreached"
"0165E6:Skyrim.esm","LItemArmorShieldAny","False","both"
"1031AC:Skyrim.esm","LItemWeaponBattleAxeSpecial","True","container-only"
"10E0DA:Skyrim.esm","LootDwarvenGems10","False","unreached"
"10B2C0:Skyrim.esm","LItemSpecialLoot10","False","container-only"
"071229:Skyrim.esm","LootHagravenJewelry25","False","container-only"
"01C493:Skyrim.esm","SublistEnchOrcishMaceShock","True","both"
"092A13:Skyrim.esm","SublistEnchArmorSteelPlateHelmet03","False","both"
"08C5BE:Skyrim.esm","SublistEnchDaedricWarhammerFear","True","both"
"006899:Dawnguard.esm","DLC01SoulCairnHuskRandomChance","False","container-only"
"0CAF4F:Skyrim.esm","LItemEnchElvenWarAxe","False","both"
"02AAE4:Dragonborn.esm","DLC2SublistEnchNordicSwordMagicka","True","container-only"
"0F77F7:Skyrim.esm","LootDragonGems25","False","unreached"
"000F3C:Skyrim.esm","SublistEnchArmorHelmet04Daedric05","False","both"
"070D19:Skyrim.esm","LootWerewolfWeapon100","False","container-only"
"01D2B0:Skyrim.esm","SublistEnchElvenSwordShock","True","both"
"0A2737:Skyrim.esm","LItemSpellTomes75Destruction","False","unreached"
"000F29:Skyrim.esm","SublistEnchArmorBoots06Daedric05","False","both"
"035320:Skyrim.esm","LItemStaffsAll","True","both"
"02B0A2:Dragonborn.esm","DLC2SublistEnchNordicBattleaxeAbsorbMagicka","True","container-only"
"0B5563:Skyrim.esm","LootDraugrEnchWeapons25","False","unreached"
"10F9AF:Skyrim.esm","LItemRobesAlteration","True","container-only"
"000F3B:Skyrim.esm","SublistEnchArmorHelmet06Dragonplate05","False","both"
"02AAE5:Dragonborn.esm","DLC2SublistEnchNordicSwordParalyze","True","container-only"
"02B0AD:Dragonborn.esm","DLC2SublistEnchNordicBattleaxeTurn","True","container-only"
"006BB2:Dawnguard.esm","DLC1RH05DwarvenScrap","False","unreached"
"03AD88:Skyrim.esm","DeathItemBriarheartWarrior","False","unreached"
"08B6FE:Skyrim.esm","SublistEnchDaedricWarAxeFear","True","both"
"105249:Skyrim.esm","LItemNecromancerRobesMagickaRate","True","both"
"092A10:Skyrim.esm","SublistEnchArmorSteelPlateGauntlets03","False","both"
"02857A:Dragonborn.esm","DLC2LItemSpellTomes75Restoration","False","unreached"
"0CB3D5:Skyrim.esm","LItemEnchEbonyWeaponSoulTrap","False","unreached"
"037C16:Skyrim.esm","BaseArrowFalmer75","False","actor-only"
"016741:Skyrim.esm","LItemArmorHelmetLight","True","both"
"0B555E:Skyrim.esm","LootDraugrEnchWeapons15","False","unreached"
"0165E3:Skyrim.esm","LItemArmorShieldLight","True","both"
"10733A:Skyrim.esm","SublistEnchOrcishSwordAbsorbHealth","True","both"
"02AAD1:Dragonborn.esm","DLC2SublistEnchNordicWarhammerMagicka","True","container-only"
"0374ED:Dragonborn.esm","DLC2LitemArmorBootsLightTown","True","container-only"
"10854C:Skyrim.esm","LItemSummersetShadowsArmorHelmet","False","actor-only"
"08CF75:Skyrim.esm","SublistEnchElvenMaceParalyze","True","both"
"10F9D6:Skyrim.esm","LootFalmerSpecialArrows10","False","actor-only"
"104ABB:Skyrim.esm","LootStaffsAll15","True","container-only"
"017363:Skyrim.esm","LItemBlacksmithSpecialLoot100","False","container-only"
"10FAB7:Skyrim.esm","LootForswornFood10","False","actor-only"
"01D266:Skyrim.esm","SublistEnchDwarvenMaceFrost","True","both"
"01ED2A:Skyrim.esm","LootFalmerGoldBoss","True","container-only"
"0B506F:Skyrim.esm","SublistEnchArmorLeatherBoots02","False","both"
"0F4C8A:Skyrim.esm","LItemWeaponDwarvenWarhammer","True","unreached"
"089908:Skyrim.esm","SublistEnchIronDaggerFire","True","both"
"10DF63:Skyrim.esm","LItemEnchNecklaceLightArmor","True","both"
"0C9A31:Skyrim.esm","LItemEnchDwarvenBattleaxe","False","both"
"09AF12:Skyrim.esm","LItemMiscVendorSoulGemFull","False","both"
"10B2F1:Skyrim.esm","OutfitListHoldGuardHelmetsWhiterunNormal","False","actor-only"
"037C23:Skyrim.esm","LItemBanditBoots","True","actor-only"
"089D5D:Skyrim.esm","SublistEnchEbonyBowSoulTrap","True","both"
"03A2B7:Dragonborn.esm","LootEnchRobes100","False","container-only"
"02B0A6:Dragonborn.esm","DLC2SublistEnchNordicBattleaxeFire","True","container-only"
"10523F:Skyrim.esm","LItemSpellTomes25AllSpells","False","container-only"
"02B0D0:Dragonborn.esm","DLC2SublistEnchNordicGreatswordStamina","True","container-only"
"0714FD:Skyrim.esm","LootCWImperialsJewelry25","False","container-only"
"060036:Skyrim.esm","LootForswornArmor15","False","container-only"
"02BA51:Dragonborn.esm","DLC2SublistEnchArmorBonemoldGauntlets02","False","unreached"
"02BAA8:Dragonborn.esm","DLC2SublistEnchArmorStalhrimLightHelmet05","False","container-only"
"0A6A1F:Skyrim.esm","SublistEnchSteelDaggerTurn","True","both"
"10E0E8:Skyrim.esm","LootBanditJewelry05","False","actor-only"
"017151:Skyrim.esm","LItemSoldierSonsCuirassBest","False","unreached"
"065A5E:Skyrim.esm","LItemPotionFortifyMagicSkillsBest","False","container-only"
"08B60B:Skyrim.esm","SublistEnchDaedricMaceBanish","True","both"
"071646:Skyrim.esm","LootCWSonsChestBossBase","False","container-only"
"0A69F8:Skyrim.esm","SublistEnchSteelGreatswordFrost","True","both"
"02B0B0:Dragonborn.esm","DLC2SublistEnchNordicBowFire","True","container-only"
"09E2B4:Skyrim.esm","LItemSpellTomes00Restoration","False","both"
"0E0FE0:Skyrim.esm","LItemStaffLightningBolt50","False","actor-only"
"06851D:Skyrim.esm","DB08DeathBook","False","unreached"
"02BC08:Dragonborn.esm","DLC2LItemEnchWeaponWarAxe","True","both"
"08990F:Skyrim.esm","SublistEnchIronBattleaxeSoulTrap","True","both"
"0DDD9C:Skyrim.esm","LItemEnchDwarvenWarAxeBoss","False","actor-only"
"10C6F0:Skyrim.esm","ArmorGlassSet","False","unreached"
"105EEB:Skyrim.esm","LItemWarlockRobesAlteration","True","actor-only"
"089D55:Skyrim.esm","SublistEnchEbonyBattleaxeTurn","True","both"
"0D54C1:Skyrim.esm","VendorGoldFenceStage02","False","container-only"
"024334:Skyrim.esm","LItemDraugr05EWeaponArrowSublist","False","actor-only"
"02C452:Dragonborn.esm","DLC2LootDwarvenWeapon100","False","container-only"
"03C6A8:Dragonborn.esm","DLC2SkaalVillageHorkerMeat","False","unreached"
"065A8A:Skyrim.esm","LItemPoisonAll","False","both"
"010961:Dawnguard.esm","DLC1LItemDaedricWeapon","False","unreached"
"03AD85:Skyrim.esm","DeathItemFlameAtronach","False","unreached"
"0CB3DD:Skyrim.esm","LItemEnchDaedricSword","False","both"
"000ED4:Skyrim.esm","LItemEnchWeaponBlacksmithAny","False","container-only"
"0FD9D1:Skyrim.esm","SublistEnchArmorDragonplateBoots06","False","both"
"084B66:Skyrim.esm","SublistEnchArmorElvenShield03","False","both"
"0D8833:Skyrim.esm","TGSpellTomes","False","container-only"
"101C93:Skyrim.esm","LItemFoodBlackBriarMead75","False","container-only"
"0F4C89:Skyrim.esm","LItemWeaponDwarvenSword","True","unreached"
"017155:Skyrim.esm","LItemSoldierSonsArmorSet02","False","unreached"
"0FDA19:Skyrim.esm","LItemEnchArmorHeavyAllNoDragon","False","container-only"
"0AD3D8:Skyrim.esm","PerkInvestorRiftenApothecaryList","False","container-only"
"02B9F1:Dragonborn.esm","DLC2LItemEnchStalhrimWarhammer","False","container-only"
"070EB3:Skyrim.esm","LootVampireArmor10","False","container-only"
"074A23:Skyrim.esm","LItemPoisonDamageStaminaRateBest","True","unreached"
"024304:Skyrim.esm","LItemDraugr02WeaponArrowSublist","False","actor-only"
"068527:Skyrim.esm","LItemGemEmpty","True","unreached"
"10BF6D:Skyrim.esm","LItemFoodPotato75","False","container-only"
"0714EE:Skyrim.esm","LootCWImperialsGold","True","both"
"02BA4F:Dragonborn.esm","DLC2SublistEnchArmorBonemoldGauntlets01","False","unreached"
"026B57:Dragonborn.esm","DLC2ChitinLightAllShield20","False","actor-only"
"1072DD:Skyrim.esm","SublistEnchDwarvenDaggerAbsorbHealth","True","both"
"10F9CC:Skyrim.esm","LItemFalmerEar50","False","unreached"
"101C8D:Skyrim.esm","LItemFoodHonningbrewMeadList","False","container-only"
"02AAD9:Dragonborn.esm","DLC2SublistEnchNordicWarAxeBanish","True","both"
"000F0F:Skyrim.esm","SublistWeaponDaggerDaedric05","False","both"
"0FD9D7:Skyrim.esm","SublistEnchArmorDragonplateShield06","False","both"
"0F6286:Skyrim.esm","LItemBlacksmithMinBootsLight","True","container-only"
"02BBFC:Dragonborn.esm","DLC2LItemEnchArmorLightCuirass","True","container-only"
"0CB3DB:Skyrim.esm","LItemEnchDaedricGreatsword","False","both"
"0F6F20:Skyrim.esm","LItemBanditHideHelmetVariants","False","unreached"
"101DA9:Skyrim.esm","LootDwarvenClutter25","False","container-only"
"10C6ED:Skyrim.esm","LItemVampireAttire","False","actor-only"
"10F9D0:Skyrim.esm","LootFalmerIngredients25","False","both"
"0348F7:Skyrim.esm","LootBanditEnchArmor100","False","container-only"
"0CAF5A:Skyrim.esm","LItemEnchElvenWeaponTurn","False","unreached"
"10E992:Skyrim.esm","lItemGems10","True","unreached"
"065A85:Skyrim.esm","LItemPoisonWeaknessFire","True","both"
"02C459:Dragonborn.esm","DLC2LootWerebeastWeapon25","False","container-only"
"03A174:Skyrim.esm","LItemPotionHealRate","True","both"
"000F2D:Skyrim.esm","SublistEnchArmorCuirass04Dragonplate05","False","both"
"10BF73:Skyrim.esm","LItemFoodTomato","False","container-only"
"02B0D3:Dragonborn.esm","DLC2LItemEnchNordicBow","False","container-only"
"0DDD79:Skyrim.esm","LItemEnchSteelBattleaxeBoss","False","actor-only"
"1031BB:Skyrim.esm","LItemEnchArmorLightBootsSpecial","True","container-only"
"0CAF58:Skyrim.esm","LItemEnchElvenWeaponSoulTrap","False","unreached"
"08A9A5:Skyrim.esm","SublistEnchDaedricBattleAxeStamina","True","both"
"089D56:Skyrim.esm","SublistEnchEbonyBowBanish","True","both"
"0A197C:Skyrim.esm","LItemWerewolfWeapon2HBoss","False","actor-only"
"0571B0:Skyrim.esm","LItemArmorHelmetAnyBest","False","unreached"
"037C19:Skyrim.esm","LItemBanditSword","True","actor-only"
"0C9A25:Skyrim.esm","LItemEnchOrcishMace","False","both"
"03DF1F:Skyrim.esm","LItemBanditBossMace","True","actor-only"
"070C1C:Skyrim.esm","LootDwarvenSoulGems15","False","container-only"
"02AAEC:Dragonborn.esm","DLC2SublistEnchNordicMaceAbsorbStamina","True","container-only"
"06852B:Skyrim.esm","LItemSoulGemFullTown","True","unreached"
"01ED21:Skyrim.esm","LootFalmerChestPotions100","False","container-only"
"0A17B1:Skyrim.esm","WE100LvlItemList","False","unreached"
"0A6A1A:Skyrim.esm","SublistEnchSteelDaggerFrost","True","both"
"037C27:Skyrim.esm","LootBanditGold","True","both"
"0DDD70:Skyrim.esm","LItemDraugr04BossWeapon1HMagic","True","actor-only"
"1072C3:Skyrim.esm","DeathItemFox","False","unreached"
"02E1E3:Skyrim.esm","LItemVampireBossBoots","True","unreached"
"0763EF:Skyrim.esm","LItemOrcStrongholdArrows","True","actor-only"
"02B0AC:Dragonborn.esm","DLC2SublistEnchNordicBattleaxeStamina","True","container-only"
"02BC11:Dragonborn.esm","DLC2LItemWeaponMace","True","both"
"0CD9F5:Skyrim.esm","LItemArmorShieldHeavyReward","True","unreached"
"10DF6B:Skyrim.esm","LItemEnchNecklaceSpeechcraft","True","both"
"0AF64E:Skyrim.esm","PerkInvestorDawnstarApothecaryList","False","container-only"
"02BC25:Dragonborn.esm","DLC2LItemEnchArmorLightBootsSpecial","True","container-only"
"10FACA:Skyrim.esm","LootDraugrSpellTomes05","True","actor-only"
"037C1D:Skyrim.esm","LItemBanditGreatsword","True","actor-only"
"0899F9:Skyrim.esm","SublistEnchGlassSwordSoulTrap","True","both"
"02B9E2:Dragonborn.esm","DLC2SublistEnchStalhrimWarhammerMagicka","True","container-only"
"04B579:Skyrim.esm","SublistEnchSteelSwordFire","True","both"
"0165BB:Skyrim.esm","LItemWeaponMaceTown","True","both"
"02AAE9:Dragonborn.esm","DLC2SublistEnchNordicSwordTurn","True","container-only"
"084B62:Skyrim.esm","SublistEnchArmorElvenHelmet02","False","both"
"10E0E7:Skyrim.esm","LootBanditSpellTomes10","True","actor-only"
"02B9B8:Dragonborn.esm","DLC2SublistEnchStalhrimMaceAbsorbStamina","True","container-only"
"107325:Skyrim.esm","SublistEnchGlassSwordAbsorbHealth","True","both"
"10C1FD:Skyrim.esm","LItemIngredientMushroom03","False","container-only"
"107335:Skyrim.esm","SublistEnchOrcishGreatswordAbsorbMagicka","True","both"
"02B0EC:Dragonborn.esm","DLC2SublistEnchStalhrimBowMagicka","True","container-only"
"08B645:Skyrim.esm","SublistEnchDaedricSwordTurn","True","both"
"028575:Dragonborn.esm","DLC2LItemSpellTOmes50Restoration","False","unreached"
"106665:Skyrim.esm","LItemJewelryCirclet75","True","unreached"
"02BC17:Dragonborn.esm","DLC2BaseArrowStalhrim75","False","both"
"01FF10:Dragonborn.esm","DLC2LItemWeaponSwordDremora","True","container-only"
"05ADAA:Skyrim.esm","LItemOreCorundum","False","unreached"
"107330:Skyrim.esm","SublistEnchOrcishBattleaxeAbsorbStamina","True","both"
"01674C:Skyrim.esm","LItemArmorGauntletsLightTown","True","both"
"0CB01F:Skyrim.esm","LItemEnchGlassBattleaxe","False","both"
"0348FD:Skyrim.esm","LootBanditChestBossMagicItem25","False","container-only"
"0B508D:Skyrim.esm","SublistEnchArmorIronHelmet03","False","both"
"09CD41:Skyrim.esm","LItemApothecaryPotionMagicEffects75","False","container-only"
"1031C1:Skyrim.esm","LItemEnchArmorLightAllSpecial","False","container-only"
"02C444:Dragonborn.esm","DLC2LootDraugrWeapon25","False","container-only"
"000F0A:Skyrim.esm","SublistArmorShieldDragonscaleBest05","False","actor-only"
"02BC24:Dragonborn.esm","DLC2LItemEnchArmorHeavyBootsSpecial","True","container-only"
"02C45B:Dragonborn.esm","DLC2LootWerebeastEnchArmor15","False","unreached"
"074A3C:Skyrim.esm","LItemPoisonParalyze","True","both"
"0AF198:Skyrim.esm","PerkInvestorWindhelmGeneralList","False","container-only"
"0E0FD7:Skyrim.esm","LItemStaffDestruction25NPC50","False","actor-only"
"100E6F:Skyrim.esm","LItemEnchRingIllusion","True","both"
"02B0A9:Dragonborn.esm","DLC2SublistEnchNordicBattleaxeParalyze","True","container-only"
"0FD9BA:Skyrim.esm","SublistEnchArmorDaedricBoots04","False","both"
"09AF16:Skyrim.esm","LItemClothesWork","False","container-only"
"0FDA13:Skyrim.esm","LItemEnchArmorLightBootsNoDragon","True","both"
"01703D:Skyrim.esm","LItemWeaponBowTown","True","actor-only"
"01D249:Skyrim.esm","ArmorImperialLightSet","False","actor-only"
"0B5565:Skyrim.esm","LootBanditEnchArmor25","False","container-only"
"02BBF6:Dragonborn.esm","DLC2LItemEnchArmorHeavyBoots","True","container-only"
"10FCFD:Skyrim.esm","LootUrnGoldChange","False","container-only"
"107316:Skyrim.esm","SublistEnchElvenWarhammerAbsorbHealth","True","both"
"000F4E:Skyrim.esm","SublistEnchArmorHelmet04Dragonscale05","False","both"
"02AAC4:Dragonborn.esm","DLC2SublistEnchNordicWarAxeMagicka","True","both"
"0B4220:Skyrim.esm","SublistEnchArmorStuddedCuirass03","False","both"
"071036:Skyrim.esm","LootVampireWeapon10","False","container-only"
"0C9A38:Skyrim.esm","LItemEnchDwarvenWarhammer","False","both"
"0C44A7:Skyrim.esm","LItemMiscVendorGems100","True","container-only"
"024305:Skyrim.esm","LItemDraugr05WeaponBow","False","actor-only"
"02C447:Dragonborn.esm","DLC2LootDraugrEnchWeapons100","False","container-only"
"1072EF:Skyrim.esm","SublistEnchEbonyBattleaxeAbsorbHealth","True","both"
"000F49:Skyrim.esm","SublistEnchArmorCuirass05Dragonscale05","False","both"
"036129:Dragonborn.esm","DLC2DeathItemAshSpawn","False","unreached"
"01C22A:Skyrim.esm","SublistEnchOrcishGreatswordTurn","True","both"
"070EFB:Skyrim.esm","LootVampireEnchWeapons100","False","container-only"
"0374E4:Dragonborn.esm","DLC2LItemWeaponBowTown","True","unreached"
"089909:Skyrim.esm","SublistEnchIronGreatswordFire","True","both"
"10FAB9:Skyrim.esm","LootForswornRecipes05","False","actor-only"
"02BC0B:Dragonborn.esm","DLC2LItemEnchWeapon2H","False","container-only"
"106AEC:Skyrim.esm","DeathItemChicken","False","unreached"
"02B9CF:Dragonborn.esm","DLC2SublistEnchStalhrimWarAxeAbsorbHealth","True","both"
"01FF0C:Dragonborn.esm","DLC2LItemWeaponBowDremora","True","container-only"
"089D75:Skyrim.esm","SublistEnchEbonyDaggerFear","True","both"
"0B4211:Skyrim.esm","LootBanditSoulGems100","False","container-only"
"0FD9E0:Skyrim.esm","SublistEnchArmorScaledCuirass04","False","both"
"0B508F:Skyrim.esm","SublistEnchArmorIronShield03","False","both"
"0D06FF:Skyrim.esm","LootGiantGold","True","container-only"
"10DF61:Skyrim.esm","LItemEnchNecklaceHealRate","True","both"
"03A175:Skyrim.esm","LItemPotionFortifyMagickaRate","True","both"
"0AC96E:Skyrim.esm","PerkInvestorSolitudeApothecaryList","False","container-only"
"0899DA:Skyrim.esm","SublistEnchGlassDaggerShock","True","both"
"0FD9B5:Skyrim.esm","SublistEnchArmorDaedricCuirass05","False","both"
"016578:Skyrim.esm","LItemWeaponSword","True","both"
"03DEDA:Skyrim.esm","LItemBanditWeapon2HBoss","False","actor-only"
"02AAF2:Dragonborn.esm","DLC2SublistEnchNordicMaceParalyze","True","container-only"
"08A13F:Skyrim.esm","SublistEnchEbonySwordMagicka","True","both"
"10FDE9:Skyrim.esm","ArmorCompanionsSet","False","container-only"
"039ECF:Skyrim.esm","LItemPotionFortifyBlock","True","both"
"03AD9A:Skyrim.esm","DeathItemSlaughterfish","False","unreached"
"100E68:Skyrim.esm","LItemEnchRingAlteration","True","both"
"049309:Skyrim.esm","FavorRewardWeapon","False","unreached"
"070C25:Skyrim.esm","LootDwarvenScrolls100","False","unreached"
"09CD48:Skyrim.esm","LItemApothecaryIngredientsCommon75","False","both"
"102732:Skyrim.esm","DeathItemMGCreature","False","unreached"
"10C1EA:Skyrim.esm","LItemIngredientHoneycomb75","False","container-only"
"02B9EE:Dragonborn.esm","DLC2LItemEnchStalhrimMace","False","container-only"
"070C16:Skyrim.esm","LootDwarvenIngots100","False","container-only"
"03AD94:Skyrim.esm","DeathItemHorse","False","unreached"
"08B653:Skyrim.esm","SublistEnchArmorDwarvenShield02","False","both"
"065A97:Skyrim.esm","LItemPoisonDrainMarksmanBest","False","both"
"0ABF50:Skyrim.esm","ArmorStuddedSetNoHelmet","False","actor-only"
"0FD99F:Skyrim.esm","SublistEnchArmorEbonyCuirass03","False","both"
"08990A:Skyrim.esm","SublistEnchIronWarhammerFire","True","both"
"1031B7:Skyrim.esm","LItemEnchArmorHeavyCuirassSpecial","True","container-only"
"065A9A:Skyrim.esm","LItemPoisonDrainRestorationBest","False","both"
"0B4210:Skyrim.esm","LootBanditJewelry100","False","both"
"02BAA5:Dragonborn.esm","DLC2SublistEnchArmorStalhrimLightHelmet03","False","container-only"
"028570:Dragonborn.esm","DLC2LItemSpellTomes50MixedSkillsGated","False","unreached"
"0AF00D:Skyrim.esm","TGRewardPoisonAllBest","False","both"
"101C8B:Skyrim.esm","LItemFoodHonningbrewMead50","False","container-only"
"065A8F:Skyrim.esm","LItemPoisonDamageStaminaBest","True","unreached"
"0B4206:Skyrim.esm","LootDraugrScrolls100","False","container-only"
"0A9F22:Skyrim.esm","dunHillgrundsTombRewardList","False","unreached"
"0F627D:Skyrim.esm","LItemBlacksmithMinBattleaxe","True","container-only"
"01CF74:Skyrim.esm","SublistEnchDwarvenDaggerFire","True","both"
"03ADA5:Skyrim.esm","DeathItemDragon01","False","unreached"
"09BC36:Skyrim.esm","LItemArmorCuirassHeavyBlacksmith","True","both"
"074A33:Skyrim.esm","LItemPotionInvisibilityBest","True","both"
"0B5098:Skyrim.esm","SublistEnchArmorBandedIronShield02","False","both"
"02C43E:Dragonborn.esm","DLC2DeathItemNetchCalf","False","unreached"
"08A120:Skyrim.esm","SublistEnchEbonySwordBanish","True","both"
"105244:Skyrim.esm","LItemNecromancerRobesConjuration","True","both"
"02B9AD:Dragonborn.esm","DLC2SublistEnchStalhrimGreatswordFear","True","container-only"
"02B0DD:Dragonborn.esm","DLC2SublistEnchStalhrimBattleaxeBanish","True","container-only"
"02BA53:Dragonborn.esm","DLC2SublistEnchArmorBonemoldGauntlets03","False","unreached"
"1072F5:Skyrim.esm","SublistEnchEbonyGreatswordAbsorbHealth","True","both"
"07D98E:Skyrim.esm","LItemPenitusWeapon1H","False","actor-only"
"02BA9D:Dragonborn.esm","DLC2SublistEnchArmorStalhrimHeavyCuirass05","False","container-only"
"10733E:Skyrim.esm","SublistEnchOrcishWarAxeAbsorbMagicka","True","both"
"033C68:Dragonborn.esm","DLC2SpellBookConjureSeeker","False","unreached"
"0DDD81:Skyrim.esm","LItemEnchOrcishGreatswordBoss","False","actor-only"
"015CCB:Dawnguard.esm","DLC1SublistEnchVampireRobesStandard","False","actor-only"
"01D2B1:Skyrim.esm","SublistEnchElvenSwordSoulTrap","True","both"
"01D291:Skyrim.esm","SublistEnchElvenBowSoulTrap","True","both"
"065A90:Skyrim.esm","LItemPoisonDrainAllSkillsBest","False","both"
"09BC31:Skyrim.esm","LItemBlacksmithMineralsProcessed75","True","container-only"
"03D241:Dragonborn.esm","DLC2WereBearIngredient75","False","actor-only"
"09BC45:Skyrim.esm","LItemWeaponWarhammerBlacksmith","True","both"
"02BBFA:Dragonborn.esm","DLC2LItemEnchArmorHeavyShield","True","container-only"
"0FDA0C:Skyrim.esm","SublistEnchArmorDragonscaleShield05","False","both"
"01FF11:Dragonborn.esm","DLC2LItemWeaponWarAxeDremora","True","container-only"
"0899EA:Skyrim.esm","SublistEnchGlassMaceFire","True","both"
"071135:Skyrim.esm","LootHagravenEnchArmor15","False","container-only"
"10D9C8:Skyrim.esm","LItemFoodMeatRabbit75","False","container-only"
"010964:Dawnguard.esm","DLC1DeathItemDragon07","False","unreached"
"02856F:Dragonborn.esm","DLC2DeathItemSeeker","False","unreached"
"02AAD6:Dragonborn.esm","DLC2SublistEnchNordicWarhammerTurn","True","container-only"
"1072F2:Skyrim.esm","SublistEnchEbonyDaggerAbsorbHealth","True","both"
"10F91B:Skyrim.esm","LItemApothecaryRecipesPoisons50","False","both"
"0AF199:Skyrim.esm","PerkInvestorWindhelmMagicList","False","container-only"
"03784A:Dragonborn.esm","DLC2LItemFoodNew75","False","container-only"
"0FD99D:Skyrim.esm","SublistEnchArmorOrcishShield04","False","both"
"10FCEF:Skyrim.esm","LItemSpellTomesSpecial","True","container-only"
"0F6912:Skyrim.esm","LItemTGAmuletofArticulation","False","unreached"
"070C6B:Skyrim.esm","LootWerewolfJewelry100","False","container-only"
"089A03:Skyrim.esm","SublistEnchGlassWarAxeSoulTrap","True","both"
"02BC04:Dragonborn.esm","DLC2LItemEnchWeaponDagger","True","container-only"
"07A82E:Skyrim.esm","SublistEnchArmorIronHelmet01","False","both"
"08CF71:Skyrim.esm","SublistEnchElvenDaggerParalyze","True","both"
"08A10A:Skyrim.esm","SublistEnchEbonyMaceStamina","True","both"
"0FD994:Skyrim.esm","SublistEnchArmorOrcishBoots04","False","both"
"043BCF:Skyrim.esm","LItemForswornMace","True","unreached"
"10FE87:Skyrim.esm","LootWarlockCorpseGoldSublist","True","actor-only"
"10C1E5:Skyrim.esm","LItemIngredientLavender75","False","container-only"
"09AF10:Skyrim.esm","LItemLockPick75","False","both"
"08A9A0:Skyrim.esm","SublistEnchDaedricBattleAxeFrost","True","both"
"08A38E:Skyrim.esm","LItemSoldierImperialHelmet","True","unreached"
"000EED:Skyrim.esm","SublistArmorBootsDaedric05","False","both"
"1072DC:Skyrim.esm","SublistEnchDwarvenBattleaxeAbsorbStamina","True","both"
"105544:Skyrim.esm","LItemArmorHelmetHeavy50","True","actor-only"
"107312:Skyrim.esm","SublistEnchElvenSwordAbsorbStamina","True","both"
"094067:Skyrim.esm","SublistEnchOrcishDaggerFire","True","both"
"000F48:Skyrim.esm","SublistEnchArmorCuirass04Dragonscale05","False","both"
"06A3C7:Skyrim.esm","LootForswornIngots100","False","container-only"
"01E1AB:Dragonborn.esm","DLC2ChitinHeavyGauntlets50","False","actor-only"
"034902:Skyrim.esm","LootDraugrEnchArmor100","False","container-only"
"02B0DA:Dragonborn.esm","DLC2SublistEnchStalhrimBattleaxeAbsorbHealth","True","container-only"
"01D24B:Skyrim.esm","ArmorSteelSet","False","actor-only"
"0899C2:Skyrim.esm","SublistEnchGlassBattleaxeFrost","True","both"
"01D25C:Skyrim.esm","SublistEnchDwarvenGreatswordFear","True","both"
"1017B8:Skyrim.esm","DeathItemMudCrab01","False","unreached"
"10FADC:Skyrim.esm","LootThalmorRandomWizard","False","actor-only"
"0FF212:Skyrim.esm","TGRewardWeaponAllLists","False","container-only"
"03DF1B:Skyrim.esm","LItemBanditBossHelmet50","True","actor-only"
"065A41:Skyrim.esm","LItemPotionResistFireBest","True","both"
"02B0C6:Dragonborn.esm","DLC2SublistEnchNordicGreatswordAbsorbMagicka","True","container-only"
"10BFF2:Skyrim.esm","LItemVigilantHeavyBoots","True","actor-only"
"10F9D2:Skyrim.esm","LootFalmerOre10","True","actor-only"
"02AAF0:Dragonborn.esm","DLC2SublistEnchNordicMaceFrost","True","container-only"
"000E60:Skyrim.esm","LItemTorch05","False","container-only"
"0CAF03:Skyrim.esm","LItemEnchElvenMace","False","both"
"101D80:Skyrim.esm","LItemHonningbrewWhiterunRuralInnDrink","False","container-only"
"02B9B3:Dragonborn.esm","DLC2SublistEnchStalhrimGreatswordSoulTrap","True","container-only"
"07D986:Skyrim.esm","LItemThalmorDagger","True","actor-only"
"071139:Skyrim.esm","LootHagravenGems15","False","container-only"
"10FAF9:Skyrim.esm","LItemTorch50","False","both"
"01710D:Skyrim.esm","LItemIngotMalachite50","False","container-only"
"065A82:Skyrim.esm","LItemPoisonDamageStamina","True","both"
"10F993:Skyrim.esm","LItemDA13ChanceCrapCuirass","False","actor-only"
"08FFF3:Skyrim.esm","SublistEnchArmorElvenBoots04","False","both"
"08A392:Skyrim.esm","LItemSoldierSonsCuirass","True","unreached"
"017156:Skyrim.esm","LItemSoldierSonsArmorSet03","False","unreached"
"09AF17:Skyrim.esm","LItemClothesFarmAll","False","container-only"
"0D54C2:Skyrim.esm","VendorGoldFenceStage03","False","container-only"
"028571:Dragonborn.esm","DLC2LItemSpellTomes50Alteration","False","unreached"
"1031C9:Skyrim.esm","LItemArmorHelmetLightSpecial","True","container-only"
"037506:Dragonborn.esm","DLC2LItemEnchArmorHeavyHelmetNoDragon","True","container-only"
"1072CD:Skyrim.esm","SublistEnchDaedricGreatswordAbsorbStamina","True","both"
"107309:Skyrim.esm","SublistEnchElvenDaggerAbsorbStamina","True","both"
"01CB1C:Skyrim.esm","SublistEnchOrcishWarhammerFrost","True","both"
"0B4202:Skyrim.esm","LootDraugrArmor100","False","container-only"
"070C17:Skyrim.esm","LootDwarvenIngots10","False","container-only"
"0AE696:Skyrim.esm","PerkInvestorMarkarthGeneralList","False","container-only"
"1031B8:Skyrim.esm","LItemEnchArmorHeavyGauntletsSpecial","True","container-only"
"016E1E:Skyrim.esm","LItemRobesCollegeAlteration","True","container-only"
"101068:Skyrim.esm","LItemEnchNecklaceHealth","True","both"
"046057:Skyrim.esm","LItemSoldierSonsWeaponAny","False","both"
"10730E:Skyrim.esm","SublistEnchElvenMaceAbsorbMagicka","True","both"
"08777D:Skyrim.esm","LootBanditIngots10","False","container-only"
"0374EB:Dragonborn.esm","DLC2LItemWeaponAny2HTown","False","container-only"
"02BC28:Dragonborn.esm","DLC2LItemEnchArmorHeavyGauntletsSpecial","True","container-only"
"1072DE:Skyrim.esm","SublistEnchDwarvenDaggerAbsorbMagicka","True","both"
"0DDD95:Skyrim.esm","LItemEnchEbonyMaceBoss","False","unreached"
"10FAC4:Skyrim.esm","LootDraugrRandom","False","actor-only"
"10E0D9:Skyrim.esm","LootDwarvenScrapSphere","False","actor-only"
"07A837:Skyrim.esm","LItemEnchArmorHeavyBoots","True","both"
"04B58A:Skyrim.esm","LItemEnchWeaponShock","True","unreached"
"07D97B:Skyrim.esm","SublistThalmorWeaponSteel1H","False","actor-only"
"0FD9CF:Skyrim.esm","SublistEnchArmorDragonplateBoots04","False","both"
"02B9B1:Dragonborn.esm","DLC2SublistEnchStalhrimGreatswordParalyze","True","container-only"
"02BC39:Dragonborn.esm","DLC2LootBanditEnchArmor100","False","container-only"
"02B0E3:Dragonborn.esm","DLC2SublistEnchStalhrimBattleaxeShock","True","container-only"
"03A1BE:Skyrim.esm","LItemPotionRestoreHMS","False","both"
"01D258:Skyrim.esm","SublistEnchDwarvenDaggerShock","True","both"
"02BA5B:Dragonborn.esm","DLC2SublistEnchArmorBonemoldShield02","False","container-only"
"10D9D3:Skyrim.esm","LItemFoodRawMeatHunter","False","both"
"09786F:Skyrim.esm","LItemWeaponSailor","True","actor-only"
"0CB3C9:Skyrim.esm","LItemEnchEbonyGreatsword","False","both"
"02B9C7:Dragonborn.esm","DLC2SublistEnchStalhrimSwordFear","True","container-only"
"0A2740:Skyrim.esm","LItemSpellTOmes100MixedSkills","False","unreached"
"10733F:Skyrim.esm","SublistEnchOrcishWarAxeAbsorbStamina","True","both"
"09BC35:Skyrim.esm","LitemArmorBootsLightBlacksmith","True","both"
"065A5D:Skyrim.esm","LItemPotionHMSRateBest","False","unreached"
"065A8D:Skyrim.esm","LItemPoisonDamageHMSBest","False","both"
"02BA7A:Dragonborn.esm","DLC2SublistEnchArmorNordicHeavyBoots03","False","container-only"
"08850E:Skyrim.esm","LootDraugrArrows15","False","container-only"
"02B9AC:Dragonborn.esm","DLC2SublistEnchStalhrimGreatswordBanish","True","container-only"
"100E88:Skyrim.esm","LItemEnchRingFortifyHMS","False","both"
"03AD92:Skyrim.esm","DeathItemHorker","False","unreached"
"065A56:Skyrim.esm","LItemPotionFortifySmithingBest","True","container-only"
"1031AF:Skyrim.esm","LItemWeaponGreatSwordSpecial","True","container-only"
"03AD9B:Skyrim.esm","DeathItemSpriggan","False","unreached"
"02B0A5:Dragonborn.esm","DLC2SublistEnchNordicBattleaxeFear","True","container-only"
"000F08:Skyrim.esm","SublistArmorHelmetDragonscaleBest05","False","unreached"
"08B611:Skyrim.esm","SublistEnchDaedricMaceShock","True","both"
"0374FB:Dragonborn.esm","DLC2LItemArmorShieldAnyTown","False","container-only"
"02B9C6:Dragonborn.esm","DLC2SublistEnchStalhrimSwordBanish","True","container-only"
"01D288:Skyrim.esm","SublistEnchElvenBattleaxeShock","True","both"
"0899CC:Skyrim.esm","SublistEnchGlassBowFire","True","both"
"016751:Skyrim.esm","LItemArmorHelmetLightTown","True","container-only"
"05ADA6:Skyrim.esm","LItemOreMoonstone","False","unreached"
"03399D:Dragonborn.esm","DLC2LItemDraugrHulkingWeapon1HShield50","False","actor-only"
"0A69EF:Skyrim.esm","SublistEnchSteelMaceSoulTrap","True","both"
"092A14:Skyrim.esm","SublistEnchArmorSteelPlateHelmet04","False","both"
"0EDDD4:Skyrim.esm","LItemDragonPriestStaff100","False","unreached"
"0A69EA:Skyrim.esm","SublistEnchSteelBattleAxeSoulTrap","True","both"
"1046E7:Skyrim.esm","LootCitizenChildToysList","False","actor-only"
"02B9D7:Dragonborn.esm","DLC2SublistEnchStalhrimWarAxeParalyze","True","both"
"089A02:Skyrim.esm","SublistEnchGlassWarAxeShock","True","both"
"0899DF:Skyrim.esm","SublistEnchGlassGreatswordFear","True","both"
"01D270:Skyrim.esm","SublistEnchDwarvenSwordShock","True","both"
"103AD5:Skyrim.esm","LootDwarvenCenturionSoulGem","False","unreached"
"073FC6:Skyrim.esm","LItemClothesFarmHat50","False","actor-only"
"08CA40:Skyrim.esm","LItemOrcStrongholdGreatsword","True","unreached"
"08CAD3:Skyrim.esm","SublistEnchElvenBowParalyze","True","both"
"087132:Skyrim.esm","LItemFoodRawNoMeat","False","both"
"08993A:Skyrim.esm","LItemEnchIronWeaponTurn","False","unreached"
"035062:Skyrim.esm","LootWarlockEnchWeapons100","False","container-only"
"000EFC:Skyrim.esm","SublistArmorHelmetDragonplateBest05","False","container-only"
"10F9D7:Skyrim.esm","LootStaffsWeaponBandit","True","actor-only"
"01D2BC:Skyrim.esm","SublistEnchElvenWarhammerFear","True","both"
"000F42:Skyrim.esm","SublistEnchArmorShield04Daedric05","False","both"
"0DDD91:Skyrim.esm","LItemEnchOrcishSwordBoss","False","actor-only"
"00D0DF:Dawnguard.esm","DLC1SublistEnchDwarvenCrossbowSoulTrap","True","actor-only"
"0B5091:Skyrim.esm","LItemEnchArmorHeavyGauntlets","True","both"
"0638B5:Skyrim.esm","SublistSoulGemEmptyBlack25","False","both"
"0E4A89:Skyrim.esm","DB02ShackKey","False","unreached"
"1031C4:Skyrim.esm","LItemArmorCuirassHeavySpecial","True","container-only"
"09E2B5:Skyrim.esm","LItemSpellTomes00MixedSkills","False","container-only"
"02AA0F:Dragonborn.esm","DLC2VendorBooksSolstheimOnly25","False","container-only"
"065A7A:Skyrim.esm","LItemPoisonDrainMeleeSkills","False","both"
"10FAD5:Skyrim.esm","DeathItemVampireGold","True","actor-only"
"1072E9:Skyrim.esm","SublistEnchDwarvenWarAxeAbsorbHealth","True","both"
"02BA5F:Dragonborn.esm","DLC2SublistEnchArmorChitinHeavyHelmet03","False","container-only"
"1034EC:Skyrim.esm","LItemWEBattlemageBoots","True","actor-only"
"01D274:Skyrim.esm","SublistEnchDwarvenWarAxeFear","True","both"
"089904:Skyrim.esm","SublistEnchIronMaceFear","True","both"
"015CB6:Dawnguard.esm","DLC1LItemFalmerCuriassHeavy75","True","actor-only"
"02BC23:Dragonborn.esm","DLC2LootBanditArmor25","False","container-only"
"0CB3BE:Skyrim.esm","LItemEnchGlassWeaponFire","False","unreached"
"01FF1A:Dragonborn.esm","DLC2LItemEnchWeaponAnyBest","False","both"
"01C5A4:Skyrim.esm","SublistEnchOrcishSwordFire","True","both"
"02856D:Dragonborn.esm","DLC2LootBooksAll75","False","container-only"
"02BA7D:Dragonborn.esm","DLC2SublistEnchArmorNordicHeavyBoots05","False","container-only"
"06883A:Skyrim.esm","LootBanditArmor25","False","container-only"
"0DDD89:Skyrim.esm","LItemEnchOrcishWarHammerBoss","False","actor-only"
"0FD9B8:Skyrim.esm","SublistEnchArmorDaedricHelmet05","False","both"
"10F8B5:Skyrim.esm","AtrFrgDaedricRecipeList","False","actor-only"
"10730B:Skyrim.esm","SublistEnchElvenGreatswordAbsorbMagicka","True","both"
"07152B:Skyrim.esm","LootCWSonsIngots10","False","container-only"
"0DDD7D:Skyrim.esm","LItemEnchEbonyGreatswordBoss","False","unreached"
"0899C8:Skyrim.esm","SublistEnchGlassBattleaxeTurn","True","both"
"10CD62:Skyrim.esm","LItemFoodFishLongfin25","False","container-only"
"032C72:Dragonborn.esm","DLC2LootBoarIngredients50","False","container-only"
"01C745:Skyrim.esm","SublistEnchOrcishSwordSoulTrap","True","both"
"1031A2:Skyrim.esm","LItemEnchWeaponDaggerSpecial","True","container-only"
"08A9A6:Skyrim.esm","SublistEnchDaedricBattleAxeTurn","True","both"
"08B616:Skyrim.esm","SublistEnchDaedricSwordFear","True","both"
"0FD829:Skyrim.esm","CWSoldierWoundedOutfitClothes","False","actor-only"
"0AE73D:Skyrim.esm","SublistEnchOrcishBowFire","True","both"
"05ADA9:Skyrim.esm","LItemOreEbony","False","unreached"
"02BC35:Dragonborn.esm","DLC2LItemEnchWeaponSwordSpecial","True","container-only"
"0CB3B8:Skyrim.esm","LItemEnchGlassMace","False","both"
"02B0BB:Dragonborn.esm","DLC2SublistEnchNordicDaggerBanish","True","container-only"
"10FACE:Skyrim.esm","LootWarlockPotions10","False","actor-only"
"03AD79:Skyrim.esm","DeathItemBearSnow","False","unreached"
"02BA67:Dragonborn.esm","DLC2SublistEnchArmorChitinHeavyBoots04","False","container-only"
"0F95F0:Skyrim.esm","LItemThalmorShield","True","actor-only"
"01ECAE:Skyrim.esm","LootFalmerJewelry100","False","container-only"
"089921:Skyrim.esm","SublistEnchIronWarhammerFrost","True","both"
"03ADA6:Skyrim.esm","DeathItemTrollFrost","False","unreached"
"0374F5:Dragonborn.esm","DLC2LItemArmorShieldLightTown","True","unreached"
"0FD9F2:Skyrim.esm","SublistEnchArmorGlassHelmet04","False","both"
"074A28:Skyrim.esm","LItemPoisonDamageMagickaRate","True","unreached"
"0DDD9E:Skyrim.esm","LItemEnchElvenWarAxeBoss","False","actor-only"
"000F02:Skyrim.esm","SublistArmorBootsDragonscaleBest05","False","actor-only"
"071079:Skyrim.esm","LootHagravenChestPotions100","False","container-only"
"0DDD78:Skyrim.esm","LItemEnchIronBattleaxeBoss","False","actor-only"
"10FF78:Skyrim.esm","LItemAntlersSmall50","False","unreached"
"071525:Skyrim.esm","LootCWSonsEnchWeapons15","False","container-only"
"070D13:Skyrim.esm","LootWerewolfSoulGems15","False","container-only"
"0899C6:Skyrim.esm","SublistEnchGlassBattleaxeSoulTrap","True","both"
"0571A1:Skyrim.esm","LItemWeaponDaggerBest","True","both"
"09CD42:Skyrim.esm","LItemApothecaryPotionResistances75","False","container-only"
"089BB4:Skyrim.esm","SublistEnchGlassWarhammerShock","True","both"
"01FF06:Dragonborn.esm","DLC2LItemArmorCuirassHeavyBest","True","container-only"
"000EF9:Skyrim.esm","SublistArmorHelmetDaedric05","False","container-only"
"065A51:Skyrim.esm","LItemPotionFortifyMarksmanBest","True","both"
"0ABF54:Skyrim.esm","OutfitListSoldierSonsOfficerNoHelmet","False","actor-only"
"08CA41:Skyrim.esm","LItemOrcStrongholdDagger","True","actor-only"
"0A69FD:Skyrim.esm","SublistEnchSteelGreatswordTurn","True","both"
"01D281:Skyrim.esm","SublistEnchDwarvenWarhammerSoultrap","True","both"
"0B5084:Skyrim.esm","SublistEnchArmorLeatherHelmet02","False","both"
"0F628D:Skyrim.esm","LItemBlacksmithMinShieldHeavy","True","container-only"
"03A2AD:Skyrim.esm","LItemPotionHMSRate","False","both"
"01A31E:Dawnguard.esm","DLC1SublistKeeperSword","False","unreached"
"10DDBA:Skyrim.esm","LItemSoulGemRandomNoBlack","False","container-only"
"037BFD:Skyrim.esm","LItemBanditWeaponMissile","False","actor-only"
"070EDE:Skyrim.esm","LootVampireEnchArmor15","False","container-only"
"0165B8:Skyrim.esm","LItemWeaponWarhammer","True","both"
"0A6A22:Skyrim.esm","SublistEnchSteelWarAxeFear","True","both"
"01D2A1:Skyrim.esm","SublistEnchElvenGreatswordSoulTrap","True","both"
"000E89:Skyrim.esm","RewardMagicItem100","False","unreached"
"08FFFB:Skyrim.esm","LItemLockPick25","False","both"
"0C2963:Skyrim.esm","LootDraugrArmor10","False","unreached"
"089D53:Skyrim.esm","SublistEnchEbonyBattleaxeSoulTrap","True","both"
"1031AD:Skyrim.esm","LItemWeaponBowSpecial","True","container-only"
"02BA75:Dragonborn.esm","DLC2SublistEnchArmorChitinShield02","False","container-only"
"02C492:Dragonborn.esm","DLC2SublistEnchNordicWarhammerChaos","True","container-only"
"08CA47:Skyrim.esm","LItemOrcStrongholdHelmet","True","actor-only"
"10DF64:Skyrim.esm","LItemEnchNecklaceLockpicking","True","both"
"087136:Skyrim.esm","LItemFoodRawMeat","False","both"
"06A3CA:Skyrim.esm","LootForswornSoulGems100","False","container-only"
"07152A:Skyrim.esm","LootCWImperialsIngots10","False","container-only"
"000F3D:Skyrim.esm","SublistEnchArmorHelmet05Daedric05","False","both"
"0638B4:Skyrim.esm","LItemSoulGemFullSpecial","True","both"
"10FAD8:Skyrim.esm","LootThalmorRandom","False","actor-only"
"0715AA:Skyrim.esm","LootCWSonsIngots100","False","container-only"
"02B0F0:Dragonborn.esm","DLC2SublistEnchStalhrimBowStamina","True","container-only"
"089A01:Skyrim.esm","SublistEnchGlassWarAxeParalyze","True","both"
"0A69F2:Skyrim.esm","SublistEnchSteelSwordFear","True","both"
"0165BC:Skyrim.esm","LItemWeaponSwordTown","True","both"
"0CB3BF:Skyrim.esm","LItemEnchGlassWeaponFrost","False","unreached"
"10730A:Skyrim.esm","SublistEnchElvenGreatswordAbsorbHealth","True","both"
"08B608:Skyrim.esm","SublistEnchDaedricGreatswordSoulTrap","True","both"
"0A6A3A:Skyrim.esm","LItemEnchSteelWeaponTurn","False","unreached"
"0D0701:Skyrim.esm","LootGiantGems25","False","container-only"
"070EC4:Skyrim.esm","LootVampireChestPotions100","False","container-only"
"01AAE3:Dragonborn.esm","DLC2LItemPotionRestoreAll","True","both"
"02B0B9:Dragonborn.esm","DLC2SublistEnchNordicDaggerAbsorbMagicka","True","container-only"
"0FDE77:Skyrim.esm","MGRitualAlterationBooks","False","container-only"
"0F4C86:Skyrim.esm","LItemWeaponDwarvenDagger","True","unreached"
"02B9E5:Dragonborn.esm","DLC2SublistEnchStalhrimWarhammerSoulTrap","True","container-only"
"0C0405:Skyrim.esm","LvlQuestReward02Medium","True","actor-only"
"02C498:Dragonborn.esm","DLC2SublistEnchStahlrimSwordChaos","True","container-only"
"0FDA16:Skyrim.esm","LItemEnchArmorLightCuirassNoDragon","True","both"
"03515E:Skyrim.esm","LootWarlockChestBossBase","False","container-only"
"087781:Skyrim.esm","LootBanditArmor50","False","container-only"
"01FF03:Dragonborn.esm","DLC2LItemEnchArmorHeavyShieldDremora","True","container-only"
"0A197F:Skyrim.esm","LItemwerewolfBossWarhammer","True","actor-only"
"08991A:Skyrim.esm","SublistEnchIronGreatswordFrost","True","both"
"043BD8:Skyrim.esm","LItemForswornWeaponMissile","False","actor-only"
"10350C:Skyrim.esm","LItemWEThiefCuirass","True","actor-only"
"029310:Dragonborn.esm","DLC2ExpSpiderLItemGemAmethystFlawless","False","unreached"
"01AAC7:Dragonborn.esm","DLC2SpellBookAshGuardian","False","container-only"
"04F78C:Skyrim.esm","DeathItemDraugrGold","True","unreached"
"000F04:Skyrim.esm","SublistArmorCuirassDragonscaleBest05","False","unreached"
"084B60:Skyrim.esm","SublistEnchArmorElvenGauntlets03","False","both"
"000EF0:Skyrim.esm","SublistArmorBootsDragonplateBest05","False","both"
"107332:Skyrim.esm","SublistEnchOrcishDaggerAbsorbMagicka","True","both"
"0C0406:Skyrim.esm","LvlQuestReward03Large","True","unreached"
"065AA0:Skyrim.esm","LItemPoisonWeaknessShockBest","True","unreached"
"10D9C7:Skyrim.esm","LItemFoodMeatPheasant75","False","container-only"
"1072D0:Skyrim.esm","SublistEnchDaedricMaceAbsorbStamina","True","both"
"02BA7C:Dragonborn.esm","DLC2SublistEnchArmorNordicHeavyBoots04","False","container-only"
"0CB3EA:Skyrim.esm","SublistEnchEbonyDaggerFrost","True","both"
"016E22:Skyrim.esm","LItemRobesCollegeMagickaRegen","True","container-only"
"089936:Skyrim.esm","LItemEnchIronWeaponMagicka","False","unreached"
"08CA35:Skyrim.esm","SublistEnchElvenWarAxeBanish","True","both"
"03399E:Dragonborn.esm","DLC2LItemDraugrHulkingShield67","False","actor-only"
"107320:Skyrim.esm","SublistEnchGlassGreatswordAbsorbMagicka","True","both"
"0374EC:Dragonborn.esm","DLC2LItemMiscVendorWeapon75","False","container-only"
"01421A:Dawnguard.esm","DLC1LItemDawnguardCuirass","False","actor-only"
"017118:Skyrim.esm","LootPoisonFalmer10","False","actor-only"
"10FF1A:Skyrim.esm","MS06Shield","True","unreached"
"03CF33:Dragonborn.esm","DLC2LItemNetchLeather75","False","container-only"
"02BA6C:Dragonborn.esm","DLC2SublistEnchArmorChitinLightCuirass03","False","container-only"
"02BC3F:Dragonborn.esm","DLC2LItemSpecialLoot100","False","container-only"
"0C9A28:Skyrim.esm","LItemEnchOrcishWarHammer","False","both"
"03ABE5:Dragonborn.esm","DLC2TGCachePotionsSpecial","False","container-only"
"0374F1:Dragonborn.esm","DLC2LItemArmorGauntletsHeavyTown","True","container-only"
"089906:Skyrim.esm","SublistEnchIronWarAxeFear","True","both"
"02B9DE:Dragonborn.esm","DLC2SublistEnchStalhrimWarhammerBanish","True","container-only"
"01D260:Skyrim.esm","SublistEnchDwarvenGreatswordShock","True","both"
"0ABF4A:Skyrim.esm","ArmorStormcloakSetNoHelmet","False","actor-only"
"100E6E:Skyrim.esm","LItemEnchRingHeavyArmor","True","both"
"03A16A:Skyrim.esm","LItemPotionRestoreHealth","True","both"
"0374F6:Dragonborn.esm","DLC2LitemArmorShieldHeavyTown","True","unreached"
"10C1F4:Skyrim.esm","LItemIngredientMushroom01_75","False","container-only"
"0B5075:Skyrim.esm","SublistEnchArmorLeatherGauntlets02","False","both"
"08CBB2:Skyrim.esm","SublistEnchElvenBattleaxeParalyze","True","both"
"10055F:Skyrim.esm","ArmorReachHelmet","False","unreached"
"1072E8:Skyrim.esm","SublistEnchDwarvenSwordAbsorbStamina","True","both"
"0CB3DC:Skyrim.esm","LItemEnchDaedricMace","False","both"
"0AE731:Skyrim.esm","SublistEnchHuntingBowSoulTrap","True","both"
"0FDA03:Skyrim.esm","SublistEnchArmorDragonscaleBoots04","False","both"
"02B0BA:Dragonborn.esm","DLC2SublistEnchNordicDaggerAbsorbStamina","True","container-only"
"106663:Skyrim.esm","LItemJewelryCirclet","True","both"
"02B9B2:Dragonborn.esm","DLC2SublistEnchStalhrimGreatswordShock","True","container-only"
"02BC16:Dragonborn.esm","DLC2LItemArrowsAll","True","both"
"02BA97:Dragonborn.esm","DLC2SublistEnchArmorStalhrimHeavyBoots05","False","container-only"
"0266FE:Skyrim.esm","MGR01ItemList","False","unreached"
"01D2C3:Skyrim.esm","SublistEnchElvenWarhammerTurn","True","both"
"10C6EE:Skyrim.esm","ArmorLeatherSet","False","unreached"
"044CD6:Skyrim.esm","LItemWarlockDagger","True","actor-only"
"0AF00F:Skyrim.esm","TGRewardPotionCarryBest","True","both"
"10C1CC:Skyrim.esm","PerkMasterTraderGold","False","container-only"
"08A9EE:Skyrim.esm","SublistEnchDaedricBowShock","True","both"
"01E60E:Skyrim.esm","SublistThalmorWeaponElven1H","False","actor-only"
"100E6A:Skyrim.esm","LItemEnchRingConjuration","True","both"
"0ABF48:Skyrim.esm","ArmorStormcloakHelmets","False","actor-only"
"06003C:Skyrim.esm","LootForswornWeapon15","False","container-only"
"01EC4F:Skyrim.esm","LootFalmerGems100","False","container-only"
"04B57D:Skyrim.esm","SublistEnchSteelWarAxeFrost","True","both"
"0C33AD:Skyrim.esm","DA06GiantDeathItems","False","actor-only"
"064A60:Skyrim.esm","LItemDA13ArmorBootsHeavy","True","actor-only"
"0B4212:Skyrim.esm","LootBanditWeapon100","False","container-only"
"0D6985:Skyrim.esm","LItemPotionFortifySpeechcraftVariantsBest","False","both"
"09BC43:Skyrim.esm","LItemWeaponSwordBlacksmith","True","both"
"02C469:Dragonborn.esm","DLC2LItemIngredientsRare","False","container-only"
"016579:Skyrim.esm","LItemWeaponWarAxe","True","both"
"015CC9:Dawnguard.esm","DLC1SublistEnchVampireRobesDestruction","True","actor-only"
"0F4C82:Skyrim.esm","LItemArmorDwarvenHelmetHeavy","True","unreached"
"0B421C:Skyrim.esm","SublistEnchArmorHideShield02","False","both"
"072AE9:Skyrim.esm","VendorGoldBlacksmith","False","container-only"
"0FDA12:Skyrim.esm","LItemEnchArmorHeavyShieldNoDragon","True","both"
"0571A9:Skyrim.esm","LItemArmorShieldLightBest","True","actor-only"
"0DDD84:Skyrim.esm","LItemEnchDwarvenWarhammerBoss","False","actor-only"
"071623:Skyrim.esm","LootCWImperialsChestBossBase","False","container-only"
"03A165:Skyrim.esm","LItemPotionFortifyStealthSkills","False","both"
"0B1FEF:Skyrim.esm","PerkInvestorFalkreathGeneralList","False","container-only"
"0050C9:Dawnguard.esm","DLC1RV03HunterArmor","False","unreached"
"013E25:Dawnguard.esm","DLC1DeathItemDeerVale","False","unreached"
"0E0FDF:Skyrim.esm","LItemStaffIceSpike50","False","actor-only"
"1072E3:Skyrim.esm","SublistEnchDwarvenMaceAbsorbHealth","True","both"
"100E7A:Skyrim.esm","LItemEnchRingOneHanded","True","both"
"0C9A41:Skyrim.esm","LItemEnchDwarvenWeaponStamina","False","unreached"
"000F18:Skyrim.esm","SublistWeaponWarAxeDaedricBest05","False","both"
"1072D5:Skyrim.esm","SublistENchDaedricWarAxeAbsorbMagicka","True","both"
"064A64:Skyrim.esm","LItemDA13ArmorGauntletsLight","True","actor-only"
"08A13D:Skyrim.esm","SublistEnchEbonySwordFire","True","both"
"0A6A2F:Skyrim.esm","SublistEnchSteelWarhammerSoulTrap","True","both"
"03AD8D:Skyrim.esm","DeathItemGoat","False","unreached"
"000EF4:Skyrim.esm","SublistArmorCuirassDragonplateBest05","False","container-only"
"052B56:Skyrim.esm","TGRPickpocketList","False","unreached"
"089929:Skyrim.esm","LItemEnchIronDagger","False","both"
"1046DD:Skyrim.esm","LootCitizenNecklaceList","False","actor-only"
"0A197D:Skyrim.esm","LItemWerewolfBossBattleaxe","True","actor-only"
"10782F:Skyrim.esm","LItemEnchWeaponSwordShock","True","actor-only"
"1072F4:Skyrim.esm","SublistEnchEbonyDaggerAbsorbStamina","True","both"
"092A0D:Skyrim.esm","SublistEnchArmorSteelPlateCuirass03","False","both"
"036CF2:Skyrim.esm","FFRiften06Reward100","False","unreached"
"02B0E7:Dragonborn.esm","DLC2SublistEnchStalhrimBowBanish","True","container-only"
"02B0B2:Dragonborn.esm","DLC2SublistEnchNordicBowMagicka","True","container-only"
"0B1FED:Skyrim.esm","PerkInvestorMorthalApothecaryList","False","container-only"
"01D2AC:Skyrim.esm","SublistEnchElvenSwordFear","True","both"
"0F4C87:Skyrim.esm","LItemWeaponDwarvenGreatSword","True","unreached"
"0442FE:Skyrim.esm","LItemForswornBossBoots","False","unreached"
"000F22:Skyrim.esm","SublistEnchWeaponMaceDaedric05","False","both"
"070C6A:Skyrim.esm","LootWerewolfGems10","False","container-only"
"0EE5C2:Skyrim.esm","DA07GoldReward02Triple","False","unreached"
"0FDA17:Skyrim.esm","LItemEnchArmorLightShieldNoDragon","True","both"
"07D985:Skyrim.esm","LItemThalmorWeaponBow","True","actor-only"
"1072FD:Skyrim.esm","SublistEnchEbonySwordAbsorbStamina","True","both"
"065A9F:Skyrim.esm","LItemPoisonWeaknessMagicBest","True","unreached"
"09AF0A:Skyrim.esm","LItemMiscVendorMiscItems75","False","container-only"
"1031CA:Skyrim.esm","LItemArmorShieldHeavySpecial","True","container-only"
"08B607:Skyrim.esm","SublistEnchDaedricGreatswordShock","True","both"
"0CB3D0:Skyrim.esm","LItemEnchEbonyWeaponFire","False","unreached"
"02B0A7:Dragonborn.esm","DLC2SublistEnchNordicBattleaxeFrost","True","container-only"
"017115:Skyrim.esm","LootSilverHandIngredients","False","actor-only"
"10C1EF:Skyrim.esm","LItemIngredientCanisRoot","False","container-only"
"0DDD7C:Skyrim.esm","LItemEnchDwarvenGreatSwordBoss","False","actor-only"
"01FF07:Dragonborn.esm","DLC2LItemArmorGauntletsHeavyBest","True","container-only"
"01D279:Skyrim.esm","SublistEnchDwarvenWarAxeSoulTrap","True","both"
"0E0FE1:Skyrim.esm","LItemStaffFireball50","False","actor-only"
"02B9BE:Dragonborn.esm","DLC2SublistEnchStalhrimMaceParalyze","True","container-only"
"0F627B:Skyrim.esm","LootWarlockScrolls05","False","container-only"
"06A3C8:Skyrim.esm","LootForswornJewelry100","False","container-only"
"0F4C80:Skyrim.esm","LItemArmorDwarvenCuirassHeavy","True","unreached"
"02DF96:Skyrim.esm","LItemVampireGauntlets50","True","unreached"
"10EB33:Skyrim.esm","LItemWeaponBowLowLevelItems","True","actor-only"
"07A82F:Skyrim.esm","SublistEnchArmorIronCuirass01","False","both"
"01CE5A:Skyrim.esm","SublistEnchDwarvenBattleaxeTurn","True","both"
"02857B:Dragonborn.esm","DLC2LItemSpellTomes75MixedSkillsGated","False","unreached"
"070C21:Skyrim.esm","LItemDwarvenOnlyWeapons","False","container-only"
"0899E3:Skyrim.esm","SublistEnchGlassGreatswordParalyze","True","both"
"1031A9:Skyrim.esm","LItemEnchWeapon2HSpecial","False","container-only"
"02BC0E:Dragonborn.esm","DLC2LItemWeaponBow","True","both"
"071528:Skyrim.esm","LootCWSonsScrolls10","False","container-only"
"02B9DF:Dragonborn.esm","DLC2SublistEnchStalhrimWarhammerFear","True","container-only"
"0DDD8F:Skyrim.esm","LItemEnchGlassSwordBoss","False","actor-only"
"10FD8D:Skyrim.esm","LItemSpellTomes25Spells","False","container-only"
"02BC03:Dragonborn.esm","DLC2LItemEnchWeaponBow","True","unreached"
"02B9CA:Dragonborn.esm","DLC2SublistEnchStalhrimSwordMagicka","True","container-only"
"1031B3:Skyrim.esm","LItemWeaponAny1HSpecial","False","container-only"
"02C48F:Dragonborn.esm","DLC2SublistEnchNordicMaceChaos","True","container-only"
"02AAEB:Dragonborn.esm","DLC2SublistEnchNordicMaceAbsorbMagicka","True","container-only"
"0647B2:Skyrim.esm","LItemForswornHelmet50","False","actor-only"
"01674D:Skyrim.esm","LItemArmorBootsAnyTown","False","container-only"
"01F327:Dragonborn.esm","DLC2RR02GoldAward","True","unreached"
"10FE66:Skyrim.esm","TG02MercLItemWeaponBow","True","actor-only"
"01D2B6:Skyrim.esm","SublistEnchElvenWarAxeFrost","True","both"
"10BF6A:Skyrim.esm","LItemFoodCabbage75","False","container-only"
"0BC6E8:Skyrim.esm","dunBardsLeapSummitRewardList","False","unreached"
"023EEA:Skyrim.esm","WIThiefLoot","False","actor-only"
"08A9ED:Skyrim.esm","SublistEnchDaedricBowParalyze","True","both"
"08850F:Skyrim.esm","LootDraugrGems15","False","both"
"02DF98:Skyrim.esm","LItemVampireWarAxe","True","unreached"
"100561:Skyrim.esm","GuardGear","False","actor-only"
"01095F:Dawnguard.esm","DLC1LootDragonDaedric25","False","unreached"
"01FF1C:Dragonborn.esm","DLC2LItemArmorHeavyAllBest","False","container-only"
"0C9A3D:Skyrim.esm","LItemEnchDwarvenWeaponMagicka","False","unreached"
"03FFFC:Skyrim.esm","LItemBook1All","False","both"
"0A69F3:Skyrim.esm","SublistEnchSteelSwordMagicka","True","both"
"00F1C2:Dawnguard.esm","DLC1LItemAmmoSteelBoltExplodingIceGated","False","container-only"
"08C60C:Skyrim.esm","SublistEnchDaedricWarhammerFrost","True","both"
"02E1E4:Skyrim.esm","LItemVampireBossCuirass","True","unreached"
"1031CB:Skyrim.esm","LItemArmorShieldLightSpecial","True","container-only"
"0A0934:Skyrim.esm","LItemWerewolfWeapon06","False","unreached"
"10E0DB:Skyrim.esm","LItemArrowsAllRandomLoot","True","actor-only"
"0DDD98:Skyrim.esm","LItemEnchIronMaceBoss","False","actor-only"
"070ED2:Skyrim.esm","LootVampireEnchArmor100","False","container-only"
"02BA8F:Dragonborn.esm","DLC2SublistEnchArmorNordicHeavyHelmet05","False","container-only"
"02B9AB:Dragonborn.esm","DLC2SublistEnchStalhrimGreatswordAbsorbStamina","True","container-only"
"09AF06:Skyrim.esm","LItemInnRuralDrinkSpecificMeads","False","both"
"02BBFB:Dragonborn.esm","DLC2LItemEnchArmorLightBoots","True","container-only"
"02B9B7:Dragonborn.esm","DLC2SublistEnchStalhrimMaceAbsorbMagicka","True","container-only"
"037507:Dragonborn.esm","DLC2LItemEnchArmorHeavyShieldNoDragon","True","container-only"
"0FD9F5:Skyrim.esm","SublistEnchArmorGlassBoots04","False","both"
"000F4A:Skyrim.esm","SublistEnchArmorCuirass06Dragonscale05","False","both"
"02B0B5:Dragonborn.esm","DLC2SublistEnchNordicBowSoulTrap","True","container-only"
"074A2F:Skyrim.esm","LItemPoisonDamageHealthAllBest","False","unreached"
"03AD91:Skyrim.esm","DeathItemHagraven","False","unreached"
"08A184:Skyrim.esm","SublistEnchEbonyWarhammerBanish","True","both"
"065A92:Skyrim.esm","LItemPoisonDrainCombatSkillsBest","False","both"
"02C443:Dragonborn.esm","DLC2LootDraugrArmor50","False","container-only"
"0AF025:Skyrim.esm","TGRewardPotionFortifyHealthBest","True","both"
"065A3F:Skyrim.esm","LItemPotionFortifyMagickaBest","True","unreached"
"0CB3D6:Skyrim.esm","LItemEnchEbonyWeaponStamina","False","unreached"
"089924:Skyrim.esm","SublistEnchIronWarhammerStamina","True","both"
"10C1E1:Skyrim.esm","LItemBarrelIngredientsCommonSame100","False","container-only"
"0C9A23:Skyrim.esm","LItemEnchOrcishDagger","False","both"
"10732C:Skyrim.esm","SublistEnchGlassWarhammerAbsorbMagicka","True","both"
"0AC967:Skyrim.esm","PerkInvestorWhiterunHuntingList","False","container-only"
"08B5E7:Skyrim.esm","SublistEnchDaedricGreatswordBanish","True","both"
"02B0B4:Dragonborn.esm","DLC2SublistEnchNordicBowShock","True","container-only"
"0AE697:Skyrim.esm","PerkInvestorMarkarthMagicList","False","container-only"
"0A0930:Skyrim.esm","LItemWerewolfWeapon02","False","unreached"
"0C9A3F:Skyrim.esm","LItemEnchDwarvenWeaponShock","False","unreached"
"065A4C:Skyrim.esm","LItemPotionFortifyDestructionBest","True","container-only"
"094068:Skyrim.esm","SublistEnchOrcishDaggerFrost","True","both"
"016748:Skyrim.esm","LItemArmorCuirassLightTown","True","both"
"04B583:Skyrim.esm","LItemEnchSteelSword","False","both"
"02B0EF:Dragonborn.esm","DLC2SublistEnchStalhrimBowSoulTrap","True","container-only"
"0CB3D1:Skyrim.esm","LItemEnchEbonyWeaponFrost","False","unreached"
"0715DB:Skyrim.esm","LootCWImperialsJewelry100","False","container-only"
"09AF11:Skyrim.esm","LItemMiscVendorSoulGem75","False","both"
"0AE73C:Skyrim.esm","SublistEnchOrcishBowFear","True","both"
"08A9CE:Skyrim.esm","SublistEnchDaedricBowMagicka","True","both"
"08A9A1:Skyrim.esm","SublistEnchDaedricBattleAxeMagicka","True","both"
"0A2734:Skyrim.esm","LItemSpellTOmes50Restoration","False","container-only"
"0D8E87:Skyrim.esm","TGCoinPurseGoldLarge","False","actor-only"
"037843:Dragonborn.esm","DLC2VendorBlacksmithEnchArmorLevel20","False","container-only"
"08BB8D:Skyrim.esm","SublistEnchDaedricWarAxeParalyze","True","both"
"087135:Skyrim.esm","LItemIngredientFoodPrepared","False","both"
"0FD999:Skyrim.esm","SublistEnchArmorOrcishGauntlets03","False","both"
"10962D:Skyrim.esm","LItemMoonsugar75","False","container-only"
"02BC1F:Dragonborn.esm","DLC2LItemArmorHelmetHeavy","True","container-only"
"02AAE1:Dragonborn.esm","DLC2SublistEnchNordicSwordFear","True","container-only"
"08CA6D:Skyrim.esm","SublistEnchElvenGreatswordParalyze","True","both"
"02BAA2:Dragonborn.esm","DLC2SublistEnchArmorStalhrimLightGauntlets05","False","container-only"
"0A6A38:Skyrim.esm","SublistEnchSteelSwordSoulTrap","True","unreached"
"10F9D1:Skyrim.esm","LootFalmerRandom","False","actor-only"
"0AC96F:Skyrim.esm","PerkInvestorSolitudePawnList","False","container-only"
"1072D1:Skyrim.esm","SublistEnchDaedricSwordAbsorbHealth","True","both"
"0FFEA2:Skyrim.esm","LItemMiscVendorSoulGemEmpty","True","both"
"0DDD8A:Skyrim.esm","LItemEnchSteelWarhammerBoss","False","actor-only"
"04E4F3:Skyrim.esm","DA09DawnbreakerList","False","unreached"
"026B59:Dragonborn.esm","DLC2LItemBanditArmorShield20","True","actor-only"
"04B57E:Skyrim.esm","SublistEnchSteelWarAxeShock","True","both"
"035311:Skyrim.esm","LItemStaffIllusion50","False","both"
"01673D:Skyrim.esm","LItemArmorGauntletsHeavy","True","both"
"02BC1C:Dragonborn.esm","DLC2LItemArmorCuirassLight","True","container-only"
"0AD3D7:Skyrim.esm","PerkInvestorRiftenBlacksmithList","False","container-only"
"01CB35:Skyrim.esm","DA14RingDeathItem","False","unreached"
"09F7EB:Skyrim.esm","WE17BanditOutfitList1","False","actor-only"
"07D977:Skyrim.esm","SublistThalmorGlassArmorWithHelmet","False","actor-only"
"10E8A7:Skyrim.esm","LItemFineClothes50","False","container-only"
"0374E2:Dragonborn.esm","DLC2LItemWeaponMaceTown","True","container-only"
"107306:Skyrim.esm","SublistEnchElvenBattleaxeAbsorbStamina","True","both"
"08A99A:Skyrim.esm","SublistEnchEbonyWarhammerTurn","True","both"
"0B5095:Skyrim.esm","SublistEnchArmorBandedIronCuirass02","False","both"
"0A1985:Skyrim.esm","PrisonerPants50","False","actor-only"
"02BA91:Dragonborn.esm","DLC2SublistEnchArmorNordicShield04","False","container-only"
"065A49:Skyrim.esm","LItemPotionFortifyAlterationBest","True","container-only"
"02BC36:Dragonborn.esm","DLC2LItemEnchWeaponWarAxeSpecial","True","container-only"
"000F47:Skyrim.esm","SublistEnchArmorBoots06Dragonscale05","False","both"
"00F1AE:Dawnguard.esm","DLC1LItemAmmoSteelBoltEnhancedGated","False","container-only"
"02BAA9:Dragonborn.esm","DLC2SublistEnchArmorStalhrimHeavyHelmet05","False","container-only"
"0FD830:Skyrim.esm","CWSoldierWoundedOutfitHeadBandagesList","False","actor-only"
"08A11D:Skyrim.esm","SublistEnchEbonyMaceTurn","True","both"
"03DF21:Skyrim.esm","LItemBanditBossWarhammer","True","actor-only"
"0A298F:Skyrim.esm","LItemSpellTomes50AllIllusion","False","container-only"
"070C18:Skyrim.esm","LootDwarvenJewelry100","False","container-only"
"106D0E:Skyrim.esm","LItemVampireRobes","True","unreached"
"02BA8E:Dragonborn.esm","DLC2SublistEnchArmorNordicHeavyHelmet04","False","container-only"
"043BD0:Skyrim.esm","LItemForswornSword","True","unreached"
"0899DE:Skyrim.esm","SublistEnchGlassGreatswordBanish","True","both"
"01D27F:Skyrim.esm","SublistEnchDwarvenWarhammerMagicka","True","both"
"10FAD0:Skyrim.esm","LootWarlockIngredients25","False","actor-only"
"02BAA3:Dragonborn.esm","DLC2SublistEnchArmorStalhrimHeavyGauntlets05","False","container-only"
"020683:Dragonborn.esm","DLC2SpellBookFrenzyRune","False","container-only"
"074A2B:Skyrim.esm","LItemPoisonDamageMagickaAllBest","False","unreached"
"0AF19A:Skyrim.esm","PerkInvestorWindhelmApothecaryList","False","container-only"
"07591F:Skyrim.esm","VendorBlacksmithEnchWeaponsLevel20","False","container-only"
"0A2739:Skyrim.esm","LItemSpellTomes75Restoration","False","unreached"
"02BA65:Dragonborn.esm","DLC2SublistEnchArmorChitinHeavyBoots03","False","container-only"
"08B64C:Skyrim.esm","SublistEnchArmorDwarvenCuirass04","False","both"
"1031B2:Skyrim.esm","LItemWeaponWarhammerSpecial","True","container-only"
"07A832:Skyrim.esm","SublistEnchArmorHideGauntlets01","False","both"
"0A273F:Skyrim.esm","LItemSpellTomes75MixedSkills","False","unreached"
"0753CC:Skyrim.esm","LootStaffsNecromancy100","True","unreached"
"0B5560:Skyrim.esm","LItemEnchArmorLightAll","False","both"
"0FDA01:Skyrim.esm","SublistEnchArmorDragonscaleHelmet05","False","both"
"087133:Skyrim.esm","LItemIngredientsUncommon","False","both"
"08601A:Skyrim.esm","DeathItemWarlock","False","unreached"
"02BC22:Dragonborn.esm","DLC2LItemArmorShieldLight","True","container-only"
"00D0E5:Dawnguard.esm","DLC1SublistEnchCrossbowTurn","True","actor-only"
"02B9DD:Dragonborn.esm","DLC2SublistEnchStalhrimWarhammerAbsorbStamina","True","container-only"
"10E8AA:Skyrim.esm","LItemFurnitureMiscItems75","False","container-only"
"0ABF3F:Skyrim.esm","ArmorImperialHeavySetHelmetFullFace","False","actor-only"
"065A99:Skyrim.esm","LItemPoisonDrainMeleeSkillsBest","False","both"
"000EDC:Skyrim.esm","LItemEnchWeaponGreatswordBlacksmith","True","container-only"
"02B9A6:Dragonborn.esm","DLC2SublistEnchStalhrimDaggerAbsorbHealth","True","container-only"
"03521E:Skyrim.esm","LItemStaffDestruction25","False","both"
"092A0A:Skyrim.esm","SublistEnchArmorSteelPlateBoots03","False","both"
"0AC972:Skyrim.esm","PerkInvestorSolitudeBlacksmithList","False","container-only"
"037C11:Skyrim.esm","BaseArrowGlass75","False","both"
"01FF14:Dragonborn.esm","DLC2LItemEnchWeaponSwordBest","True","both"
"08B612:Skyrim.esm","SublistEnchDaedricMaceSoulTrap","True","both"
"1072D8:Skyrim.esm","SublistEnchDaedricWarhammerAbsorbMagicka","True","both"
"0C9A37:Skyrim.esm","LItemEnchDwarvenWarAxe","False","both"
"0DDD9F:Skyrim.esm","LItemEnchGlassWarAxeBoss","False","actor-only"
"08992E:Skyrim.esm","LItemEnchWeaponBattleAxe","True","container-only"
"01ED1B:Skyrim.esm","LootDraugrEnchWeapons100","False","container-only"
"089A04:Skyrim.esm","SublistEnchGlassWarAxeStamina","True","both"
"02B99C:Dragonborn.esm","DLC2SublistEnchStalhrimDaggerBanish","True","container-only"
"0A272E:Skyrim.esm","LItemSpellTomes25Restoration","False","both"
"01D28A:Skyrim.esm","SublistEnchElvenBattleaxeStamina","True","both"
"089DE4:Skyrim.esm","SublistEnchEbonyDaggerStamina","True","both"
"1072C9:Skyrim.esm","SublistEnchDaedricDaggerAbsorbMagicka","True","both"
"0559F9:Skyrim.esm","LItemDraugr05Weapon1HShield","False","actor-only"
"08B617:Skyrim.esm","SublistEnchDaedricSwordFire","True","both"
"1072ED:Skyrim.esm","SublistEnchDwarvenWarhammerAbsorbMagicka","True","both"
"03CB92:Dragonborn.esm","DLC2MerilarRendasDeathItem","False","unreached"
"02BA93:Dragonborn.esm","DLC2SublistEnchArmorStalhrimLightBoots03","False","container-only"
"0899DB:Skyrim.esm","SublistEnchGlassDaggerSoulTrap","True","both"
"0ABD99:Skyrim.esm","PerkInvestorStoreUpgrade","False","container-only"
"035312:Skyrim.esm","LItemStaffIllusion75","False","both"
"074A2D:Skyrim.esm","LItemPoisonDamageHealthLingeringBest","True","unreached"
"01DBC7:Dragonborn.esm","DLC2dunKolbjornLItemMinerClothes02","False","actor-only"
"02DF97:Skyrim.esm","LItemVampireSword","True","unreached"
"02C454:Dragonborn.esm","DLC2LootDwarvenEnchWeapon100","False","container-only"
"10559A:Skyrim.esm","OutfitListHoldGuardHelmetsWhiterun","False","actor-only"
"02B9B6:Dragonborn.esm","DLC2SublistEnchStalhrimMaceAbsorbHealth","True","container-only"
"03AD83:Skyrim.esm","DeathItemDwarvenSpider","False","unreached"
"01D285:Skyrim.esm","SublistEnchElvenBattleaxeFire","True","both"
"10106A:Skyrim.esm","LItemEnchNecklaceResistFire","True","both"
"107302:Skyrim.esm","SublistEnchEbonyWarhammerAbsorbMagicka","True","both"
"08CA42:Skyrim.esm","LItemOrcStrongholdWaraxe","True","actor-only"
"10F9B7:Skyrim.esm","LItemEnchRobes","False","unreached"
"03509D:Skyrim.esm","LootWarlockSoulGems100","False","both"
"1046D4:Skyrim.esm","LootCitizenDrinkList75","False","actor-only"
"107337:Skyrim.esm","SublistEnchOrcishMaceAbsorbHealth","True","both"
"0C3497:Skyrim.esm","CWPlayerUniformImperialLight","False","unreached"
"000F1D:Skyrim.esm","SublistEnchWeaponBowDaedric05","False","container-only"
"000F43:Skyrim.esm","SublistEnchArmorShield05Daedric05","False","both"
"088511:Skyrim.esm","LootBanditSoulGems20","False","unreached"
"08777F:Skyrim.esm","LootBanditArrows15","False","actor-only"
"000F3E:Skyrim.esm","SublistEnchArmorHelmet06Daedric05","False","both"
"02BC26:Dragonborn.esm","DLC2LItemEnchArmorHeavyCuirassSpecial","True","container-only"
"08A99B:Skyrim.esm","SublistEnchDaedricBattleAxeBanish","True","both"
"100E81:Skyrim.esm","LItemEnchRingStamina","True","both"
"0CD9F4:Skyrim.esm","LItemArmorHelmetLightReward","True","unreached"
"0B420D:Skyrim.esm","LootBanditChestPotions100","False","both"
"071606:Skyrim.esm","LootCWSonsScrolls100","True","unreached"
"017153:Skyrim.esm","LItemSoldierSonsGauntletsBest","False","unreached"
"0B5106:Skyrim.esm","SublistEnchArmorSteelShield03","True","both"
"08FFEE:Skyrim.esm","LItemEnchOrcishBattleaxeTurn","True","unreached"
"08B627:Skyrim.esm","SublistEnchDaedricSwordParalyze","True","both"
"0A6A1B:Skyrim.esm","SublistEnchSteelDaggerMagicka","True","both"
"026B49:Dragonborn.esm","DLC2BonemoldGauntlets50","False","actor-only"
"0F77F5:Skyrim.esm","LItemArmorLightAll","False","unreached"
"0F8319:Skyrim.esm","TG07Chillrend","True","unreached"
"0B4205:Skyrim.esm","LootDraugrJewelry100","False","container-only"
"0154E3:Skyrim.esm","dunMarkarthWizardMeleeSecurityGauntlets","True","actor-only"
"000F20:Skyrim.esm","SublistEnchWeaponDaggerDaedricBest05","False","unreached"
"0DDD74:Skyrim.esm","LItemEnchElvenBattleaxeBoss","False","actor-only"
"0899ED:Skyrim.esm","SublistEnchGlassMaceParalyze","True","both"
"10DF6D:Skyrim.esm","LItemEnchNecklaceTwoHanded","True","both"
"000F46:Skyrim.esm","SublistEnchArmorBoots05Dragonscale05","False","both"
"02B0AE:Dragonborn.esm","DLC2SublistEnchNordicBowBanish","True","container-only"
"02BC01:Dragonborn.esm","DLC2LItemEnchArmorLightAll","False","container-only"
"107340:Skyrim.esm","SublistEnchOrcishWarhammerAbsorbHealth","True","both"
"0EDDD3:Skyrim.esm","LItemDragonPriestStaff50","False","actor-only"
"000F52:Skyrim.esm","SublistEnchArmorShield05Dragonscale05","False","both"
"089917:Skyrim.esm","SublistEnchIronDaggerSoulTrap","True","both"
"1036EF:Skyrim.esm","LootSabrecatBodyParts","False","unreached"
"000F34:Skyrim.esm","SublistEnchArmorGauntlets05Daedric05","False","both"
"02B9A2:Dragonborn.esm","DLC2SublistEnchStalhrimDaggerShock","True","container-only"
"037C14:Skyrim.esm","BaseArrowDaedric75","False","both"
"070C19:Skyrim.esm","LootDwarvenJewelry25","False","container-only"
"039D2E:Skyrim.esm","LItemBanditWeaponBow","True","actor-only"
"03A1BA:Skyrim.esm","LItemPotionResistFrost","True","both"
"1072DB:Skyrim.esm","SublistEnchDwarvenBattleaxeAbsorbMagicka","True","both"
"092A0F:Skyrim.esm","SublistEnchArmorSteelPlateGauntlets02","False","both"
"01D27E:Skyrim.esm","SublistEnchDwarvenWarhammerFrost","True","both"
"10F9D4:Skyrim.esm","LootDwarvenScrap10","False","actor-only"
"08CAE7:Skyrim.esm","SublistEnchElvenBowBanish","True","both"
"07D983:Skyrim.esm","SublistThalmorBowAndArrowsElven","False","actor-only"
"065A4B:Skyrim.esm","LItemPotionFortifyConjurationBest","True","container-only"
"0A298D:Skyrim.esm","LItemSpellTomes50AllConjuration","False","container-only"
"065A5C:Skyrim.esm","LItemPotionFortifyCombatSkillsBest","False","container-only"
"02BA94:Dragonborn.esm","DLC2SublistEnchArmorStalhrimLightBoots04","False","container-only"
"0FD9A5:Skyrim.esm","SublistEnchArmorEbonyBoots03","False","both"
"0B50FE:Skyrim.esm","SublistEnchArmorSteelGauntlets01","False","both"
"000F11:Skyrim.esm","SublistWeaponGreatswordDaedric05","False","both"
"03C40D:Dragonborn.esm","DLC2MQ06MiraakFightMask","True","actor-only"
"0F84AD:Skyrim.esm","TGPotionofLarceny","True","container-only"
"01C49B:Skyrim.esm","SublistEnchOrcishMaceSoulTrap","True","both"
"07591C:Skyrim.esm","VendorBlacksmithEnchWeapons100","False","container-only"
"107344:Skyrim.esm","LItemEnchCircletAlteration","True","both"
"03D12A:Dragonborn.esm","DLC2MQ06MiraakRewardMaskH","True","unreached"
"0F2E10:Skyrim.esm","DeathItemDragonBonesOnly","False","unreached"
"01D261:Skyrim.esm","SublistEnchDwarvenGreatswordSoulTrap","True","both"
"039ED5:Skyrim.esm","LItemPotionFortifyLightArmor","True","both"
"000F30:Skyrim.esm","SublistEnchArmorCuirass04Daedric05","False","both"
"0C2965:Skyrim.esm","LootDraugrChestPotions15","False","container-only"
"08FFF5:Skyrim.esm","LootDraugrLockpick10","False","container-only"
"0DDD9D:Skyrim.esm","LItemEnchEbonyWarAxeBoss","False","unreached"
"08B619:Skyrim.esm","SublistEnchDaedricSwordMagicka","True","both"
"0AE72C:Skyrim.esm","SublistEnchHuntingBowFear","True","both"
"10DF62:Skyrim.esm","LItemEnchNecklaceHeavyArmor","True","both"
"0FD9BB:Skyrim.esm","SublistEnchArmorDaedricBoots05","False","both"
"0CAF56:Skyrim.esm","LItemEnchElvenWeaponParalyze","False","unreached"
"0181A5:Dawnguard.esm","DLC1_WESC_DawnguardCacheItem","False","container-only"
"0FD9A2:Skyrim.esm","SublistEnchArmorEbonyHelmet03","False","both"
"10731A:Skyrim.esm","SublistEnchGlassBattleaxeAbsorbMagicka","True","both"
"100E79:Skyrim.esm","LItemEnchRingMarksman","True","both"
"10559B:Skyrim.esm","OutfitListHoldGuardHelmetsWinterhold","False","actor-only"
"09BC32:Skyrim.esm","LItemBlacksmithMineralsRaw75","True","both"
"105EF7:Skyrim.esm","LItemWarlockRobesIllusion","True","unreached"
"00D0EA:Dawnguard.esm","DLC1LItemEnchCrossbow","False","actor-only"
"02AAF6:Dragonborn.esm","DLC2SublistEnchNordicMaceTurn","True","container-only"
"08A993:Skyrim.esm","SublistEnchEbonyWarhammerShock","True","both"
"01CE73:Skyrim.esm","SublistEnchDwarvenBowStamina","True","both"
"08B31C:Skyrim.esm","SublistEnchDaedricDaggerParalyze","True","both"
"0A6E82:Skyrim.esm","OutfitListGuardImperialNoHelmet","False","actor-only"
"01D2BD:Skyrim.esm","SublistEnchElvenWarhammerFire","True","both"
"09BC3D:Skyrim.esm","LItemArmorShieldLightBlacksmith","True","both"
"03AD87:Skyrim.esm","DeathItemStormAtronach","False","unreached"
"0FF214:Skyrim.esm","TGCacheRandomAllLists10","False","container-only"
"0F627F:Skyrim.esm","LItemBlacksmithMinSword","True","container-only"
"0F628B:Skyrim.esm","LItemBlacksmithMinHelmetHeavy","True","container-only"
"000F28:Skyrim.esm","SublistEnchArmorBoots05Daedric05","False","both"
"1072E5:Skyrim.esm","SublistEnchDwarvenMaceAbsorbStamina","True","both"
"064A63:Skyrim.esm","LItemDA13ArmorGauntletsHeavy","True","actor-only"
"0D7FBC:Skyrim.esm","DeathItemSkeleton","False","unreached"
"0C3C9C:Skyrim.esm","LootPotionRestoreHS25","False","unreached"
"017157:Skyrim.esm","LItemSoldierSonsArmorSet04","False","unreached"
"0FD9AC:Skyrim.esm","SublistEnchArmorEbonyShield04","False","both"
"10F8BC:Skyrim.esm","AtrFrgDaedricRecipeListChest","False","container-only"
"0571AA:Skyrim.esm","LItemWeaponSwordBest","True","actor-only"
"074A21:Skyrim.esm","LItemPoisonDamageStaminaLingeringBest","True","unreached"
"084B59:Skyrim.esm","SublistEnchArmorElvenCuirass02","False","both"
"0D6982:Skyrim.esm","LItemPotionFortifySpeechcraftPersuasion","True","both"
"100E7C:Skyrim.esm","LItemEnchRingPickPocket","True","both"
"068525:Skyrim.esm","LItemGems","True","both"
"065A58:Skyrim.esm","LItemPotionFortifySpeechcraftBarterBest","True","both"
"0899FA:Skyrim.esm","SublistEnchGlassSwordStamina","True","both"
"068838:Skyrim.esm","LootBanditWeapon15","False","container-only"
"02B0E8:Dragonborn.esm","DLC2SublistEnchStalhrimBowFear","True","container-only"
"10FAFA:Skyrim.esm","LItemSonsSymbol10","False","both"
"0899C5:Skyrim.esm","SublistEnchGlassBattleaxeShock","True","both"
"1072F0:Skyrim.esm","SublistEnchEbonyBattleaxeAbsorbMagicka","True","both"
"0FD9D5:Skyrim.esm","SublistEnchArmorDragonplateShield04","False","both"
"01D2A4:Skyrim.esm","SublistEnchElvenMaceFear","True","both"
"0B4215:Skyrim.esm","SublistEnchArmorHideCuirass02","False","both"
"0CB3E3:Skyrim.esm","LItemEnchDaedricWeaponFrost","False","unreached"
"0C0196:Skyrim.esm","LItemBanditShield20","True","actor-only"
"0FDA0D:Skyrim.esm","SublistEnchArmorDragonscaleShield06","False","both"
"06A3CF:Skyrim.esm","LootForswornEnchWeapons25","False","unreached"
"10D965:Skyrim.esm","LItemFoodSalt75","False","container-only"
"08FFF2:Skyrim.esm","SublistEnchArmorElvenBoots03","False","both"
"01D297:Skyrim.esm","SublistEnchElvenDaggerMagicka","True","both"
"01C483:Skyrim.esm","SublistEnchOrcishMaceMagicka","True","both"
"0AE73F:Skyrim.esm","SublistEnchOrcishBowMagicka","True","both"
"0A3FB2:Skyrim.esm","LItemGutterSaintHat","False","actor-only"
"08CF73:Skyrim.esm","SublistEnchElvenMaceBanish","True","both"
"02BC32:Dragonborn.esm","DLC2LItemEnchWeaponDaggerSpecial","True","container-only"
"0899EF:Skyrim.esm","SublistEnchGlassMaceSoulTrap","True","both"
"01D29A:Skyrim.esm","SublistEnchElvenDaggerStamina","True","both"
"08FFFA:Skyrim.esm","LootVampireLockpick15","False","both"
"09406B:Skyrim.esm","SublistEnchOrcishDaggerShock","True","both"
"1034F9:Skyrim.esm","LItemWESpellswordGauntlets50","True","actor-only"
"10BF69:Skyrim.esm","LItemFoodAppleGreen75","False","container-only"
"0B5092:Skyrim.esm","LItemEnchArmorHeavyHelmet","True","both"
"0ABF43:Skyrim.esm","OutfitListSoldierImperialOfficerNoHelmet","False","actor-only"
"04B57A:Skyrim.esm","SublistEnchSteelSwordFrost","True","both"
"032C78:Dragonborn.esm","DLC2DeathItemRieklingMelee","False","unreached"
"02BA8C:Dragonborn.esm","DLC2SublistEnchArmorNordicHeavyHelmet03","False","container-only"
"01D28F:Skyrim.esm","SublistEnchElvenBowMagicka","True","both"
"01A185:Dawnguard.esm","DLC1LItemKeeperSwordWeapon","True","actor-only"
"070F96:Skyrim.esm","LootVampireJewelry100","False","container-only"
"071521:Skyrim.esm","LootCWSonsArmor25","False","container-only"
"1072C4:Skyrim.esm","DeathItemFoxIce","False","unreached"
"101D7F:Skyrim.esm","LItemHonningbrewRuralInnDrink","False","both"
"0DDDA1:Skyrim.esm","LItemEnchOrcishWarAxeBoss","False","actor-only"
"089A05:Skyrim.esm","SublistEnchGlassWarAxeTurn","True","both"
"105240:Skyrim.esm","LItemSpellVendorScrolls75","False","container-only"
"01C684:Skyrim.esm","SublistEnchOrcishSwordShock","True","both"
"107301:Skyrim.esm","SublistEnchEbonyWarhammerAbsorbHealth","True","both"
"08A9F0:Skyrim.esm","SublistEnchDaedricBowStamina","True","both"
"0ABF4F:Skyrim.esm","ArmorHideSetNoHelmet","False","actor-only"
"0559F8:Skyrim.esm","LItemDraugr02Weapon1HShield50","False","actor-only"
"0B5070:Skyrim.esm","SublistEnchArmorLeatherBoots03","False","both"
"00A946:Dawnguard.esm","DLC1DeathItemMistman","False","unreached"
"1072FB:Skyrim.esm","SublistEnchEbonySwordAbsorbHealth","True","both"
"10E4F4:Skyrim.esm","LItemSpellVendorScrolls75COPY0000","True","unreached"
"0C3DE1:Skyrim.esm","CWRankRewardImperial","True","unreached"
"01D290:Skyrim.esm","SublistEnchElvenBowShock","True","both"
"02AADB:Dragonborn.esm","DLC2SublistEnchNordicWarAxeAbsorbMagicka","True","both"
"065A80:Skyrim.esm","LItemPoisonDamageHealth","True","both"
"0638B3:Skyrim.esm","LItemSoulGemEmptySpecial","True","both"
"0899E8:Skyrim.esm","SublistEnchGlassMaceFear","True","both"
"089A47:Skyrim.esm","SublistEnchGlassWarhammerFire","True","both"
"01CE56:Skyrim.esm","SublistEnchDwarvenBattleaxeStamina","True","both"
"02AA07:Dragonborn.esm","DLC2LItemBook1All","False","container-only"
"02B0D8:Dragonborn.esm","DLC2LItemEnchNordicWarAxe","False","both"
"0E0FE2:Skyrim.esm","LItemStaffIceStorm50","False","actor-only"
"039ED4:Skyrim.esm","LItemPotionFortifyHeavyArmor","True","both"
"02BA92:Dragonborn.esm","DLC2SublistEnchArmorNordicShield05","False","container-only"
"068835:Skyrim.esm","LootBanditSoulGems10","False","both"
"01421C:Dawnguard.esm","LItemDawnguardWeaponAny","False","actor-only"
"10E0E5:Skyrim.esm","LootBanditRandomWizard","False","actor-only"
"08FFF4:Skyrim.esm","LootBanditLockpick25","False","both"
"08B647:Skyrim.esm","SublistEnchArmorDwarvenBoots02","False","both"
"0A6A27:Skyrim.esm","SublistEnchSteelWarhammerFear","True","both"
"0FD9A6:Skyrim.esm","SublistEnchArmorEbonyBoots04","False","both"
"02B0A4:Dragonborn.esm","DLC2SublistEnchNordicBattleaxeBanish","True","container-only"
"0165E4:Skyrim.esm","LItemArmorShieldLightTown","True","container-only"
"08BACE:Skyrim.esm","SublistEnchDaedricWarAxeMagicka","True","both"
"03DF1A:Skyrim.esm","LItemBanditBossBoots","True","actor-only"
"0FD9EB:Skyrim.esm","SublistEnchArmorElvenGildedCuirass03","False","both"
"02AAE7:Dragonborn.esm","DLC2SublistEnchNordicSwordSoulTrap","True","container-only"
"0CAF52:Skyrim.esm","LItemEnchElvenWeaponFear","False","unreached"
"051951:Skyrim.esm","LItemFalmerWeapon","True","actor-only"
"06A3D0:Skyrim.esm","LootForswornEnchWeapons100","False","container-only"
"015BE2:Skyrim.esm","LItemBanditHeavyGauntlets50","True","actor-only"
"065A74:Skyrim.esm","LItemPoisonDrainConjuration","False","both"
"05ADA2:Skyrim.esm","LItemOreSilver","False","unreached"
"10DF5F:Skyrim.esm","LItemEnchNecklaceAlchemy","True","both"
"0B4214:Skyrim.esm","SublistEnchArmorHideBoots03","False","both"
"07144B:Skyrim.esm","LootHagravenChestBossBase","False","container-only"
"08A9C1:Skyrim.esm","SublistEnchDaedricBowFrost","True","both"
"0FD9FC:Skyrim.esm","SublistEnchArmorGlassShield05","False","both"
"01CE72:Skyrim.esm","SublistEnchDwarvenBowSoulTrap","True","both"
"0AC965:Skyrim.esm","PerkInvestorWhiterunGeneralList","False","container-only"
"070E56:Skyrim.esm","LootWerewolfChestPotions100","False","container-only"
"0F4C81:Skyrim.esm","LItemArmorDwarvenGauntletsHeavy","True","unreached"
"07D979:Skyrim.esm","LItemThalmorArmorWithHelmetBest","True","actor-only"
"01CFB5:Skyrim.esm","SublistEnchDwarvenDaggerFrost","True","both"
"016739:Skyrim.esm","LItemArmorCuirassAny","False","container-only"
"0FDA11:Skyrim.esm","LItemEnchArmorHeavyHelmetNoDragon","True","both"
"071028:Skyrim.esm","LootVampireWeapon100","False","container-only"
"023C10:Skyrim.esm","LItemDraugr05Weapon1H","False","actor-only"
"0B5567:Skyrim.esm","LootBanditEnchWeapons25","False","container-only"
"0C3C9D:Skyrim.esm","LootPotionRestoreHM25","False","container-only"
"0CAF53:Skyrim.esm","LItemEnchElvenWeaponFire","False","unreached"
"107314:Skyrim.esm","SublistEnchElvenWarAxeAbsorbMagicka","True","both"
"02BA86:Dragonborn.esm","DLC2SublistEnchArmorNordicHeavyGauntlets03","False","container-only"
"08FFEB:Skyrim.esm","LItemEnchOrcishBattleaxeShock","True","unreached"
"039D2F:Skyrim.esm","LItemBanditWeaponArrows","True","actor-only"
"026B53:Dragonborn.esm","DLC2BonemoldShield20","False","actor-only"
"10D9C3:Skyrim.esm","LItemFoodMeatGoat75","False","container-only"
"02B9A9:Dragonborn.esm","DLC2SublistEnchStalhrimGreatswordAbsorbHealth","True","container-only"
"0B5096:Skyrim.esm","SublistEnchArmorBandedIronCuirass03","False","both"
"0B4224:Skyrim.esm","LItemEnchArmorLightShield","True","both"
"01715C:Skyrim.esm","LItemSoldierSonsWeapon2H","False","both"
"068839:Skyrim.esm","LItemArrowsAll","True","both"
"1072D2:Skyrim.esm","SublistEnchDaedricSwordAbsorbMagicka","True","both"
"08991F:Skyrim.esm","SublistEnchIronGreatswordTurn","True","both"
"02B0B7:Dragonborn.esm","DLC2SublistEnchNordicBowTurn","True","container-only"
"02BAA1:Dragonborn.esm","DLC2SublistEnchArmorStalhrimHeavyGauntlets04","False","container-only"
"0A6A19:Skyrim.esm","SublistEnchSteelDaggerFire","True","both"
"0B5073:Skyrim.esm","SublistEnchArmorLeatherCuirass03","False","both"
"10EB30:Skyrim.esm","LItemIronOrSteelMace","False","actor-only"
"024302:Skyrim.esm","LItemDraugr02WeaponBow","False","actor-only"
"065A62:Skyrim.esm","LItemPotionAllSkillsBest","False","container-only"
"039B8C:Dragonborn.esm","DLC2DeathItemSprigganBurnt","False","unreached"
"09BC2E:Skyrim.esm","LItemBlacksmithArmor75","False","container-only"
"0B4213:Skyrim.esm","SublistEnchArmorHideBoots02","False","both"
"03CB89:Dragonborn.esm","DLC2ElmusAshfire","False","container-only"
"02B9EF:Dragonborn.esm","DLC2LItemEnchStalhrimSword","False","container-only"
"1031CF:Skyrim.esm","LItemEnchArmorAllSpecial","False","container-only"
"03509B:Skyrim.esm","LootWarlockChestBossMagicItem25","False","container-only"
"105243:Skyrim.esm","LItemNecromancerRobesAlteration","True","container-only"
"0FD9E5:Skyrim.esm","SublistEnchArmorScaledBoots02","False","both"
"039EE7:Skyrim.esm","LItemPotionFortifyPickpocket","True","both"
"06A3CE:Skyrim.esm","LootForswornEnchArmor25","False","unreached"
"0F961F:Skyrim.esm","LootSmallTreasure10","False","unreached"
"10F91D:Skyrim.esm","LItemBoneMeal25","False","unreached"
"10D9CB:Skyrim.esm","LItemFoodMeatBeef","False","container-only"
"1031A0:Skyrim.esm","LItemEnchWeaponBattleAxeSpecial","True","container-only"
"101072:Skyrim.esm","LItemEnchJewelryAll","False","both"
"000F03:Skyrim.esm","SublistArmorCuirassDragonscale05","False","both"
"070C1B:Skyrim.esm","LootDwarvenSoulGems100","False","container-only"
"0CB3C4:Skyrim.esm","LItemEnchGlassWeaponStamina","False","unreached"
"10FF79:Skyrim.esm","DeathItemElkFemale","False","unreached"
"018EF5:Dawnguard.esm","DLC1RadiantReward","False","unreached"
"02BAAC:Dragonborn.esm","DLC2SublistEnchArmorStalhrimShield04","False","container-only"
"10FAD6:Skyrim.esm","LootVampireJewelry15","False","actor-only"
"08B642:Skyrim.esm","SublistEnchDaedricSwordSoulTrap","True","both"
"02B0C2:Dragonborn.esm","DLC2SublistEnchNordicDaggerSoulTrap","True","container-only"
"00F1AB:Dawnguard.esm","DLC1LItemAmmoSteelBoltExplodingFireGated","False","container-only"
"02C453:Dragonborn.esm","DLC2LootDwarvenEnchArmor100","False","container-only"
"037C15:Skyrim.esm","BaseArrowOrcish75","False","both"
"03AD7B:Skyrim.esm","DeathItemCow","False","unreached"
"0FF211:Skyrim.esm","TGCacheLockpicks","False","container-only"
"0A273A:Skyrim.esm","LItemSpellTomes100Conjuration","False","unreached"
"08A0F9:Skyrim.esm","SublistEnchEbonyGreatswordFear","True","both"
"01421E:Dawnguard.esm","LItemDawnguardWarAxe","False","unreached"
"000F25:Skyrim.esm","SublistEnchWeaponWarAxeDaedricBest05","False","unreached"
"08991E:Skyrim.esm","SublistEnchIronGreatswordStamina","True","both"
"014751:Dawnguard.esm","DLC1LootFrostGiantHides50","False","unreached"
"100E69:Skyrim.esm","LItemEnchRingBlock","True","both"
"094069:Skyrim.esm","SublistEnchOrcishDaggerMagicka","True","both"
"02B9C4:Dragonborn.esm","DLC2SublistEnchStalhrimSwordAbsorbMagicka","True","container-only"
"0CD656:Skyrim.esm","OutfitListSoldierImperialOfficerTullius","False","unreached"
"01AAE5:Dragonborn.esm","DLC2LItemPotionRestoreAllBest","True","container-only"
"10A286:Skyrim.esm","LootDwarvenArmor25","False","container-only"
"02BAAA:Dragonborn.esm","DLC2SublistEnchArmorStalhrimHeavyHelmet06","False","container-only"
"017158:Skyrim.esm","LItemSoldierSonsArmor","True","unreached"
"10FAB4:Skyrim.esm","LootFalmerRandomShaman","False","actor-only"
"0AE739:Skyrim.esm","SublistEnchImperialBowSoulTrap","True","both"
"0899F3:Skyrim.esm","SublistEnchGlassSwordFear","True","both"
"089BB3:Skyrim.esm","SublistEnchGlassWarhammerParalyze","True","both"
"0F6F25:Skyrim.esm","SublistArmorSteelBootsVariants","False","both"
"10E0DD:Skyrim.esm","LootBanditRandom","False","actor-only"
"08990B:Skyrim.esm","SublistEnchIronBattleaxeFear","True","both"
"0710F0:Skyrim.esm","LootHagravenEnchArmor100","False","container-only"
"0899E9:Skyrim.esm","SublistEnchGlassMaceBanish","True","both"
"02BA90:Dragonborn.esm","DLC2SublistEnchArmorNordicShield03","False","container-only"
"105246:Skyrim.esm","LItemNecromancerRobesEnchanting","False","container-only"
"10C1F8:Skyrim.esm","LItemIngredientDragonsTongue","False","container-only"
"10FAF7:Skyrim.esm","LootFalmerGems10","False","actor-only"
"02B9DA:Dragonborn.esm","DLC2SublistEnchStalhrimWarAxeTurn","True","both"
"06003D:Skyrim.esm","LootForswornScrolls10","False","container-only"
"02B0BE:Dragonborn.esm","DLC2SublistEnchNordicDaggerFrost","True","container-only"
"105598:Skyrim.esm","OutfitListHoldGuardHelmetsHaafingar","False","actor-only"
"0A297F:Skyrim.esm","LItemSpellTomes25AllDestruction","False","container-only"
"0B1FF1:Skyrim.esm","PerkInvestorWhiterunMagicList","False","container-only"
"071483:Skyrim.esm","LootHagravenGold","True","container-only"
"02B0C3:Dragonborn.esm","DLC2SublistEnchNordicDaggerStamina","True","container-only"
"08992D:Skyrim.esm","LItemEnchIronGreatsword","False","both"
"017107:Skyrim.esm","LItemIngotSteel50","False","container-only"
"03AD77:Skyrim.esm","DeathItemBear","False","unreached"
"0F628E:Skyrim.esm","LItemBlacksmithMinShieldLight","True","container-only"
"0FD9E6:Skyrim.esm","SublistEnchArmorScaledBoots03","False","both"
"06A3CB:Skyrim.esm","LootForswornWeapon100","False","container-only"
"0B420E:Skyrim.esm","LootBanditGems100","False","both"
"026B48:Dragonborn.esm","DLC2BonemoldAll","False","actor-only"
"02C46A:Dragonborn.esm","DLC2LItemIngredientsUncommon","False","container-only"
"0D768E:Skyrim.esm","OutfitListSoldierImperialOfficerTulliusNoHelmet","False","actor-only"
"10E0E6:Skyrim.esm","LootBanditIngredients10","False","actor-only"
"02B9AA:Dragonborn.esm","DLC2SublistEnchStalhrimGreatswordAbsorbMagicka","True","container-only"
"0A69E5:Skyrim.esm","SublistEnchSteelBattleAxeFear","True","both"
"08B644:Skyrim.esm","SublistEnchDaedricSwordStamina","True","both"
"0AC970:Skyrim.esm","PerkInvestorSolitudeTailorList","False","container-only"
"107307:Skyrim.esm","SublistEnchElvenDaggerAbsorbHealth","True","both"
"10FCFE:Skyrim.esm","LootBurntCorpse","False","container-only"
"0ABF53:Skyrim.esm","ArmorStormcloakBearSetNoHelmet","False","actor-only"
"034901:Skyrim.esm","LootDraugrChestBossMagicItem25","False","container-only"
"071644:Skyrim.esm","LootCWSonsArmor100","False","container-only"
"0899F4:Skyrim.esm","SublistEnchGlassSwordFire","True","both"
"071078:Skyrim.esm","LootHagravenArrows25","False","container-only"
"02AA0E:Dragonborn.esm","DLC2LItemBook4Combined","True","container-only"
"017111:Skyrim.esm","LItemIngotSilver15","False","actor-only"
"0C349A:Skyrim.esm","CWPlayerUniformImperialHeavy","False","unreached"
"10F9CD:Skyrim.esm","LItemIngredientsUndergroundCommon","False","both"
"089D62:Skyrim.esm","SublistEnchEbonyDaggerBanish","True","both"
"101C8C:Skyrim.esm","LItemFoodHonningbrewMead25","False","container-only"
"0B421B:Skyrim.esm","SublistEnchArmorHideHelmet03","False","both"
"1046DC:Skyrim.esm","LootCitizenRingList","False","both"
"0ABF4E:Skyrim.esm","OutfitListSoldierSonsNoHelmet","False","actor-only"
"1072FE:Skyrim.esm","SublistEnchEbonyWarAxeAbsorbHealth","True","both"
"089D5A:Skyrim.esm","SublistEnchEbonyBowMagicka","True","both"
"105252:Skyrim.esm","LItemNecromancerRobes","True","unreached"
"0647B1:Skyrim.esm","LItemForswornHelmet","False","unreached"
"0374E7:Dragonborn.esm","DLC2LItemWeaponSwordTown","True","container-only"
"01D2AD:Skyrim.esm","SublistEnchElvenSwordFire","True","both"
"089932:Skyrim.esm","LItemEnchWeapon2H","False","container-only"
"0B5564:Skyrim.esm","LootBanditEnchArmor15","False","container-only"
"1072FC:Skyrim.esm","SublistEnchEbonySwordAbsorbMagicka","True","both"
"01FF02:Dragonborn.esm","DLC2LItemEnchArmorHeavyHelmetDremora","True","container-only"
"0F77F2:Skyrim.esm","LootDragonGold","True","unreached"
"01BFEA:Dragonborn.esm","DLC2RR01GoldAward","True","unreached"
"1031A1:Skyrim.esm","LItemEnchWeaponBowSpecial","True","container-only"
"0876A4:Skyrim.esm","LItemJewelryNecklace","True","both"
"01D2A7:Skyrim.esm","SublistEnchElvenMaceMagicka","True","both"
"10E8A8:Skyrim.esm","LootGoldChange50","False","both"
"033256:Dragonborn.esm","DeathItemDwarvenBallista","False","unreached"
"02B9CB:Dragonborn.esm","DLC2SublistEnchStalhrimSwordParalyze","True","container-only"
"01FF17:Dragonborn.esm","DLC2LItemEnchWeaponGreatswordBest","True","both"
"015CB8:Dawnguard.esm","DLC1LItemFalmerGauntletsHeavy25","True","actor-only"
"0FD9F0:Skyrim.esm","SublistEnchArmorGlassCuirass05","False","both"
"000F31:Skyrim.esm","SublistEnchArmorCuirass05Daedric05","False","both"
"0034FE:Dawnguard.esm","DLC1_WESC_DawnguardCache_LItemPotionRestoreHealth75","True","container-only"
"01ED1E:Skyrim.esm","LootFalmerChestBossBase","False","container-only"
"100E86:Skyrim.esm","LItemEnchRingSkillCombat","False","both"
"0374E1:Dragonborn.esm","DLC2BlankStaff","False","container-only"
"065A60:Skyrim.esm","LItemPotionRestoreHMSBest","False","both"
"0ABF3B:Skyrim.esm","ArmorImperialLightSetNoHelmet","False","actor-only"
"0A44C9:Skyrim.esm","LItemScroll50Skill","False","unreached"
"0AC962:Skyrim.esm","PerkInvestorWhiterunApothecaryList","False","container-only"
"01C479:Skyrim.esm","SublistEnchOrcishMaceFrost","True","both"
"000F06:Skyrim.esm","SublistArmorGauntletsDragonscaleBest05","False","unreached"
"070EA8:Skyrim.esm","LootWerewolfGoldBoss","True","container-only"
"01C876:Skyrim.esm","SublistEnchOrcishWarAxeFire","True","both"
"070C1D:Skyrim.esm","LootDwarvenWeapon100","False","container-only"
"01CE70:Skyrim.esm","SublistEnchDwarvenBowMagicka","True","both"
"065A8E:Skyrim.esm","LItemPoisonDamageMagickaBest","True","unreached"
"09D4B6:Skyrim.esm","LItemClothesFarmBodyCorpse","False","unreached"
"107334:Skyrim.esm","SublistEnchOrcishGreatswordAbsorbHealth","True","both"
"10FD8C:Skyrim.esm","LItemSpellTomes00Spells","False","container-only"
"01657C:Skyrim.esm","LItemWeaponBattleAxe","True","both"
"088512:Skyrim.esm","LootDraugrGold","True","both"
"00D0E8:Dawnguard.esm","DLC1SublistEnchCrossbowMagicka","True","actor-only"
"07D974:Skyrim.esm","SublistThalmorElvenArmorNoHelmet","False","actor-only"
"08778D:Skyrim.esm","LootBanditJewelry25","False","both"
"1031CC:Skyrim.esm","LItemArmorHeavyAllSpecial","False","container-only"
"0559FB:Skyrim.esm","LItemDraugrEbonyShield50","False","actor-only"
"0A272F:Skyrim.esm","LItemSpellTomes75Alteration","False","unreached"
"01D26B:Skyrim.esm","SublistEnchDwarvenMaceTurn","True","both"
"0ABF40:Skyrim.esm","OutfitListSoldierImperial","False","actor-only"
"107343:Skyrim.esm","LItemEnchCircletAlchemy","True","both"
"01C0B7:Skyrim.esm","SublistEnchOrcishGreatswordMagicka","True","both"
"089D52:Skyrim.esm","SublistEnchEbonyBattleaxeShock","True","both"
"1072DA:Skyrim.esm","SublistEnchDwarvenBattleaxeAbsorbHealth","True","both"
"0FF20E:Skyrim.esm","TGCachePotions75","False","container-only"
"08B394:Skyrim.esm","SublistEnchDaedricDaggerSoulTrap","True","both"
"037C1C:Skyrim.esm","LItemBanditShield50","True","actor-only"
"04B58B:Skyrim.esm","LItemEnchWeapon1H","False","both"
"03FFFD:Skyrim.esm","LItemBook2All","True","both"
"089D54:Skyrim.esm","SublistEnchEbonyBattleaxeStamina","True","both"
"02B9E1:Dragonborn.esm","DLC2SublistEnchStalhrimWarhammerFrost","True","container-only"
"0C9A27:Skyrim.esm","LItemEnchOrcishWarAxe","False","both"
"015BE0:Skyrim.esm","LItemBanditHeavyHelmet","True","actor-only"
"0899F6:Skyrim.esm","SublistEnchGlassSwordMagicka","True","both"
"037509:Dragonborn.esm","DLC2LItemEnchArmorLightCuirassNoDragon","True","container-only"
"0A297D:Skyrim.esm","LItemSpellTomes25AllAlteration","False","container-only"
"07A82C:Skyrim.esm","SublistEnchArmorIronBoots01","False","both"
"0D069E:Skyrim.esm","FavorRewardEnchAxe","False","unreached"
"0899F2:Skyrim.esm","SublistEnchGlassSwordBanish","True","both"
"1046E1:Skyrim.esm","LootCitizenRingList75","False","actor-only"
"02BC33:Dragonborn.esm","DLC2LItemEnchWeaponGreatswordSpecial","True","container-only"
"037C24:Skyrim.esm","SublistScaledCuirassVariants","False","both"
"0A69ED:Skyrim.esm","SublistEnchSteelMaceFear","True","both"
"107319:Skyrim.esm","SublistEnchGlassBattleaxeAbsorbHealth","True","both"
"000F2A:Skyrim.esm","SublistEnchArmorBoots04Dragonplate05","False","both"
"0B508C:Skyrim.esm","SublistEnchArmorIronHelmet02","False","both"
"08C861:Skyrim.esm","SublistEnchDaedricWarhammerShock","True","both"
"02AACE:Dragonborn.esm","DLC2SublistEnchNordicWarhammerFear","True","container-only"
"02B9A5:Dragonborn.esm","DLC2SublistEnchStalhrimDaggerTurn","True","container-only"
"02BC2E:Dragonborn.esm","DLC2LItemEnchArmorAllSpecial","False","container-only"
"065A52:Skyrim.esm","LItemPotionFortifyIllusionBest","True","container-only"
"000F21:Skyrim.esm","SublistEnchWeaponGreatswordDaedric05","False","container-only"
"02BC2A:Dragonborn.esm","DLC2LItemEnchArmorHeavyHelmetSpecial","True","container-only"
"0E606D:Skyrim.esm","LItemSoulGemFullMagicTrap","True","unreached"
"074A3D:Skyrim.esm","LItemPoisonParalyzeBest","True","unreached"
"01C0B8:Skyrim.esm","SublistEnchOrcishGreatswordShock","True","both"
"0C9A2F:Skyrim.esm","LItemEnchOrcishWeaponStamina","False","unreached"
"0F5D2E:Skyrim.esm","dunLItemFrostmereBlade","True","unreached"
"092A0B:Skyrim.esm","SublistEnchArmorSteelPlateBoots04","False","both"
"0AA02C:Skyrim.esm","LootImperialLuck","False","both"
"10C1E8:Skyrim.esm","LItemIngredientWheat75","False","container-only"
"0B5103:Skyrim.esm","SublistEnchArmorSteelHelmet03","False","both"
"1072EC:Skyrim.esm","SublistEnchDwarvenWarhammerAbsorbHealth","True","both"
"105241:Skyrim.esm","LItemSpellVendorSoulGem75","False","container-only"
"017178:Skyrim.esm","LItemWeaponDagger","True","both"
"107327:Skyrim.esm","SublistEnchGlassSwordAbsorbStamina","True","both"
"08C862:Skyrim.esm","SublistEnchDaedricWarhammerSoulTrap","True","both"
"08993E:Skyrim.esm","LItemEnchWeaponTurn","True","unreached"
"026B5F:Dragonborn.esm","DLC2LItemBanditArmorBoss","True","actor-only"
"02B9A3:Dragonborn.esm","DLC2SublistEnchStalhrimDaggerSoulTrap","True","container-only"
"10FCFF:Skyrim.esm","LootSpiderCorpseHuman","False","container-only"
"02B9D1:Dragonborn.esm","DLC2SublistEnchStalhrimWarAxeAbsorbStamina","True","both"
"089A21:Skyrim.esm","SublistEnchGlassWarhammerFear","True","both"
"0CB3C3:Skyrim.esm","LItemEnchGlassWeaponSoulTrap","False","unreached"
"071077:Skyrim.esm","LootHagravenArrows100","False","container-only"
"0D06FC:Skyrim.esm","LootGiantArmor50","False","container-only"
"0CB3D8:Skyrim.esm","LItemEnchDaedricBattleaxe","False","both"
"10962C:Skyrim.esm","LItemSkooma75","False","container-only"
"000F53:Skyrim.esm","SublistEnchArmorShield06Dragonscale05","False","both"
"0AF24B:Skyrim.esm","TGRewardEnchWeaponBow","True","container-only"
"10106E:Skyrim.esm","LItemEnchNecklaceStamina","True","both"
"1031C3:Skyrim.esm","LItemArmorBootsLightSpecial","True","container-only"
"1017B9:Skyrim.esm","DeathItemMudCrab02","False","unreached"
"0ABF3E:Skyrim.esm","OutfitListGuardImperial","False","actor-only"
"044300:Skyrim.esm","LItemForswornBossMace","True","unreached"
"0AE748:Skyrim.esm","LItemEnchWeaponBow","True","container-only"
"02DF9F:Skyrim.esm","LItemVampireWeaponArrows","True","unreached"
"10C1F5:Skyrim.esm","LItemIngredientMushroom02_75","False","container-only"
"09E2B2:Skyrim.esm","LItemSpellTomes00Destruction","False","both"
"0FCC0B:Skyrim.esm","TGLvlItemNightingaleBoots","True","unreached"
"10F9D5:Skyrim.esm","LootFalmerCorpseGoldSublist","True","actor-only"
"0FD9E8:Skyrim.esm","SublistEnchArmorScaledGauntlets02","False","both"
"089933:Skyrim.esm","LItemEnchIronWeaponFear","False","unreached"
"01673C:Skyrim.esm","LItemArmorBootsAny","False","container-only"
"1031C6:Skyrim.esm","LItemArmorGauntletsHeavySpecial","True","container-only"
"07151F:Skyrim.esm","LootCWImperialsArmor25","False","container-only"
"02BC00:Dragonborn.esm","DLC2LItemEnchArmorHeavyAll","False","container-only"
"01ED29:Skyrim.esm","LootFalmerOre100","True","container-only"
"100E7F:Skyrim.esm","LItemEnchRingSneak","True","both"
"105EEC:Skyrim.esm","LItemWarlockRobesConjuration","True","unreached"
"03531E:Skyrim.esm","LItemStaff75","False","both"
"0A272A:Skyrim.esm","LItemSpellTomes25Alteration","False","both"
"000F0D:Skyrim.esm","SublistWeaponBowDaedric05","False","both"
"000ED5:Skyrim.esm","LItemEnchWeaponBlacksmith1H","False","container-only"
"070C15:Skyrim.esm","LootDwarvenGems25","False","container-only"
"01DBC8:Dragonborn.esm","DLC2dunKolbjornLItemMinerClothes03","False","actor-only"
"1034EE:Skyrim.esm","LItemWEBattlemageHelmet50","True","actor-only"
"00D0E3:Dawnguard.esm","DLC1SublistEnchDwarvenCrossbowFire","True","actor-only"
"02BC2C:Dragonborn.esm","DLC2LItemEnchArmorHeavyShieldSpecial","True","container-only"
"00D0E0:Dawnguard.esm","DLC1SublistEnchDwarvenCrossbowShock","True","actor-only"
"0D284C:Skyrim.esm","DeathItemDeerNew","False","unreached"
"1046D1:Skyrim.esm","LootCitizenPocketsCommon","False","actor-only"
"0A1971:Skyrim.esm","LItemWerewolfScaledGauntlets50","False","unreached"
"08B07C:Skyrim.esm","SublistEnchDaedricDaggerFrost","True","both"
"08993B:Skyrim.esm","LItemEnchWeaponFear","True","unreached"
"10BFF1:Skyrim.esm","LItemVigilantBooks","False","actor-only"
"08B5E8:Skyrim.esm","SublistEnchDaedricGreatswordFear","True","both"
"10731E:Skyrim.esm","SublistEnchGlassDaggerAbsorbStamina","True","both"
"1072F1:Skyrim.esm","SublistEnchEbonyBattleaxeAbsorbStamina","True","both"
"08C588:Skyrim.esm","SublistEnchDaedricWarAxeTurn","True","both"
"08A142:Skyrim.esm","SublistEnchEbonySwordSoulTrap","True","both"
"04B580:Skyrim.esm","LItemEnchIronSword","False","both"
"01FF0B:Dragonborn.esm","DLC2LItemWeaponBattleAxeDremora","True","container-only"
"065A7B:Skyrim.esm","LItemPoisonDrainRestoration","False","both"
"10FAFE:Skyrim.esm","CWSoldierSonsGearNoTorchNoBow","False","actor-only"
"065A84:Skyrim.esm","LItemPoisonFrenzy","True","both"
"08A99E:Skyrim.esm","SublistEnchDaedricBattleAxeFear","True","both"
"000EDD:Skyrim.esm","LItemEnchWeaponWarhammerBlacksmith","True","both"
"1046E6:Skyrim.esm","LItemFoodChild25","False","actor-only"
"0A3FB4:Skyrim.esm","LItemGutterSaintBoots","False","actor-only"
"000F12:Skyrim.esm","SublistWeaponGreatswordDaedricBest05","False","unreached"
"0CB3E1:Skyrim.esm","LItemEnchDaedricWeaponFear","False","unreached"
"0F5742:Skyrim.esm","DeathContainerList","False","unreached"
"02BA4D:Dragonborn.esm","DLC2SublistEnchArmorBonemoldCuirass03","False","unreached"
"0AD3D9:Skyrim.esm","PerkInvestorRiftenPawnList","False","container-only"
"1031B9:Skyrim.esm","LItemEnchArmorHeavyHelmetSpecial","True","container-only"
"0899D7:Skyrim.esm","SublistEnchGlassDaggerFrost","True","both"
"101069:Skyrim.esm","LItemEnchNecklaceMisc","True","both"
"02BA74:Dragonborn.esm","DLC2SublistEnchArmorChitinLightGauntlets04","False","container-only"
"071527:Skyrim.esm","LootCWSonsJewelry25","False","container-only"
"08A14E:Skyrim.esm","SublistEnchEbonyWarAxeTurn","True","both"
"08B64E:Skyrim.esm","SublistEnchArmorDwarvenGauntlets03","False","both"
"0FDA04:Skyrim.esm","SublistEnchArmorDragonscaleBoots05","False","both"
"065A73:Skyrim.esm","LItemPoisonDrainBlock","False","both"
"03DF1E:Skyrim.esm","LItemBanditBossBattleaxe","True","actor-only"
"0165BF:Skyrim.esm","LItemWeaponBattleAxeTown","True","both"
"0B4208:Skyrim.esm","LootDraugrWeapon100","False","container-only"
"100E8A:Skyrim.esm","LItemEnchRingAll","True","both"
"020684:Dragonborn.esm","DLC2SpellBookPoisonRune","False","container-only"
"105595:Skyrim.esm","OutfitListHoldGuardHelmetsHjaalmarch","False","actor-only"
"02B9E6:Dragonborn.esm","DLC2SublistEnchStalhrimWarhammerStamina","True","container-only"
"01D27B:Skyrim.esm","SublistEnchDwarvenWarAxeTurn","True","both"
"02AAD7:Dragonborn.esm","DLC2SublistEnchNordicWarAxeFire","True","both"
"0571A3:Skyrim.esm","LItemArmorGauntletsLightBest","True","unreached"
"01FF1B:Dragonborn.esm","DLC2LItemWeaponAnyDremora","False","container-only"
"092B14:Skyrim.esm","LItemIngredientsCommonSame75","False","unreached"
"0899D9:Skyrim.esm","SublistEnchGlassDaggerParalyze","True","both"
"088515:Skyrim.esm","LootDraugrWeapon25","False","container-only"
"0FD9F3:Skyrim.esm","SublistEnchArmorGlassHelmet05","False","both"
"01A31D:Dawnguard.esm","DLC1SublistKeeperShield","False","unreached"
"1034F8:Skyrim.esm","LItemWESpellswordBoots","True","actor-only"
"035063:Skyrim.esm","LootWarlockGems15","False","both"
"02B9C2:Dragonborn.esm","DLC2SublistEnchStalhrimMaceTurn","True","container-only"
"02BA9A:Dragonborn.esm","DLC2SublistEnchArmorStalhrimLightCuirass04","False","container-only"
"1072D6:Skyrim.esm","SublistENchDaedricWarAxeAbsorbStamina","True","both"
"00D0EC:Dawnguard.esm","DLC1LItemWeaponDawnguardCrossbowLoot75Gated","True","actor-only"
"10106C:Skyrim.esm","LItemEnchNecklaceResistMagic","True","both"
"0C3499:Skyrim.esm","CWPlayerUniformImperialMedium","False","unreached"
"02BC1A:Dragonborn.esm","DLC2LItemArmorBootsLight","True","container-only"
"01C22F:Skyrim.esm","SublistEnchOrcishMaceFear","True","both"
"08A148:Skyrim.esm","SublistEnchEbonyWarAxeFrost","True","both"
"02B9DB:Dragonborn.esm","DLC2SublistEnchStalhrimWarhammerAbsorbHealth","True","container-only"
"03AD9D:Skyrim.esm","DeathItemWisp","False","unreached"
"03B0CC:Skyrim.esm","dunSilentMoonsLItemEnchSteelWarAxe","True","unreached"
"05BF03:Skyrim.esm","SublistEnchIronWarAxeMagicka","True","both"
"0899FF:Skyrim.esm","SublistEnchGlassWarAxeFrost","True","both"
"0374F9:Dragonborn.esm","DLC2LItemArmorGauntletsAnyTown","False","container-only"
"10C1ED:Skyrim.esm","LItemIngredientSnowberry","False","container-only"
"04B15F:Skyrim.esm","SublistEnchIronMaceShock","True","both"
"01D25D:Skyrim.esm","SublistEnchDwarvenGreatswordFire","True","both"
"10EB34:Skyrim.esm","LItemWeaponMissileLowLevelItems","False","actor-only"
"0AE72F:Skyrim.esm","SublistEnchHuntingBowMagicka","True","both"
"08990D:Skyrim.esm","SublistEnchIronBattleaxeMagicka","True","both"
"065A4D:Skyrim.esm","LItemPotionFortifyEnchantingBest","True","container-only"
"065A9D:Skyrim.esm","LItemPoisonWeaknessFireBest","True","unreached"
"01D29F:Skyrim.esm","SublistEnchElvenGreatswordMagicka","True","both"
"0CAF57:Skyrim.esm","LItemEnchElvenWeaponShock","False","unreached"
"105253:Skyrim.esm","LootEnchNecromancerRobes25","True","container-only"
"01674A:Skyrim.esm","LitemArmorBootsLightTown","True","both"
"016752:Skyrim.esm","LItemArmorHelmetAnyTown","False","container-only"
"07A82D:Skyrim.esm","SublistEnchArmorIronGauntlets01","False","both"
"03AD95:Skyrim.esm","DeathItemIceWraith","False","unreached"
"1072E6:Skyrim.esm","SublistEnchDwarvenSwordAbsorbHealth","True","both"
"0CB3CF:Skyrim.esm","LItemEnchEbonyWeaponFear","False","unreached"
"02B0DC:Dragonborn.esm","DLC2SublistEnchStalhrimBattleaxeAbsorbStamina","True","container-only"
"0B8F33:Skyrim.esm","LootRiftenGold","True","container-only"
"01710C:Skyrim.esm","LItemIngotMoonstone50","False","container-only"
"01D248:Skyrim.esm","ArmorOrcSet","False","unreached"
"02AADE:Dragonborn.esm","DLC2SublistEnchNordicSwordAbsorbMagicka","False","container-only"
"01C4F1:Skyrim.esm","SublistEnchOrcishMaceStamina","True","both"
"032C7A:Dragonborn.esm","DLC2DeathItemMountedRiekling","False","unreached"
"09406E:Skyrim.esm","SublistEnchOrcishDaggerStamina","True","both"
"00A947:Dawnguard.esm","DLC1DeathItemBoneman","False","unreached"
"0C9A2A:Skyrim.esm","LItemEnchOrcishWeaponFire","False","unreached"
"0FD99A:Skyrim.esm","SublistEnchArmorOrcishGauntlets04","False","both"
"1072CC:Skyrim.esm","SublistEnchDaedricGreatswordAbsorbMagicka","True","both"
"02BA80:Dragonborn.esm","DLC2SublistEnchArmorNordicHeavyCuirass03","False","container-only"
"01C0A6:Skyrim.esm","SublistEnchOrcishBattleaxeTurn","True","both"
"0B5094:Skyrim.esm","SublistEnchArmorBandedIronCuirass01","False","both"
"0F6289:Skyrim.esm","LItemBlacksmithMinGauntletsLight","True","container-only"
"071519:Skyrim.esm","LootCWImperialsScrolls10","False","both"
"0DDD80:Skyrim.esm","LItemEnchIronGreatswordBoss","False","actor-only"
"10FACB:Skyrim.esm","LootDraugrRandomMageBonus","False","actor-only"
"04B574:Skyrim.esm","SublistEnchSteelMaceFrost","True","both"
"08A14A:Skyrim.esm","SublistEnchEbonyWarAxeParalyze","True","both"
"070E34:Skyrim.esm","WIChangeLocation05GiftAdult","False","unreached"
"08777C:Skyrim.esm","LItemReligiousSymbols","False","both"
"0B4222:Skyrim.esm","LItemEnchArmorLightHelmet","True","both"
"02B0E6:Dragonborn.esm","DLC2SublistEnchStalhrimBattleaxeTurn","True","container-only"
"089D8C:Skyrim.esm","SublistEnchEbonyDaggerFire","True","both"
"0C0404:Skyrim.esm","LvlQuestReward01Small","True","actor-only"
"037501:Dragonborn.esm","DLC2BlacksmithArmorExtra100","True","container-only"
"06852C:Skyrim.esm","LItemSoulGemRandomTown","False","unreached"
"10D9C5:Skyrim.esm","LItemFoodMeatHorker75","False","container-only"
"060039:Skyrim.esm","LootForswornIngots25","False","container-only"
"0352F7:Skyrim.esm","LItemStaffIllusion25","False","both"
"0A272B:Skyrim.esm","LItemSpellTomes25Conjuration","False","both"
"10BFF3:Skyrim.esm","LItemVigilantHeavyGauntlets50","True","actor-only"
"08CA37:Skyrim.esm","SublistEnchElvenSwordBanish","True","both"
"0CAF04:Skyrim.esm","LItemEnchElvenSword","False","both"
"10F7F2:Skyrim.esm","DeathItemForsworn","False","unreached"
"03CBA5:Dragonborn.esm","DLC2LItemChitinPlate75","False","container-only"
"003988:Dawnguard.esm","DLC1VendorGadgetsSorineJurardBolts75","False","container-only"
"0AE72D:Skyrim.esm","SublistEnchHuntingBowFire","True","both"
"0CB3D7:Skyrim.esm","LItemEnchEbonyWeaponTurn","False","unreached"
"03A087:Skyrim.esm","LItemPotionFortifySneak","True","both"
"049303:Skyrim.esm","FavorRewardPotion","False","unreached"
"0F6281:Skyrim.esm","LItemBlacksmithMinBow","True","container-only"
"065A46:Skyrim.esm","LItemPotionRestoreMagickaBest","True","both"
"01D28C:Skyrim.esm","SublistEnchElvenBowFear","True","both"
"02BC2B:Dragonborn.esm","DLC2LItemEnchArmorLightHelmetSpecial","True","container-only"
"08CA44:Skyrim.esm","LItemOrcStrongholdBoots","True","actor-only"
"019B92:Dragonborn.esm","DLC2LootStaffsAllBest","True","unreached"
"0FD9EC:Skyrim.esm","SublistEnchArmorElvenGildedCuirass04","False","both"
"0A69F7:Skyrim.esm","SublistEnchSteelGreatswordFire","True","both"
"01D264:Skyrim.esm","SublistEnchDwarvenMaceFear","True","both"
"000F40:Skyrim.esm","SublistEnchArmorShield05Dragonplate05","False","both"
"10F651:Skyrim.esm","LItemSpellTomes00AllIllusion","False","container-only"
"035316:Skyrim.esm","LItemStaffRestoration75","False","both"
"02B0CA:Dragonborn.esm","DLC2SublistEnchNordicGreatswordFire","True","container-only"
"037C17:Skyrim.esm","BaseArrowDraugr75","False","actor-only"
"0B420A:Skyrim.esm","LootBanditChestBossBase","False","container-only"
"02B0C5:Dragonborn.esm","DLC2SublistEnchNordicGreatswordAbsorbHealth","True","container-only"
"04B588:Skyrim.esm","LItemEnchWeaponFire","True","unreached"
"02B0DB:Dragonborn.esm","DLC2SublistEnchStalhrimBattleaxeAbsorbMagicka","True","container-only"
"10FAB2:Skyrim.esm","LItemStaff50NPC","False","actor-only"
"017064:Skyrim.esm","LItemSoldierImperialBootsBest","False","unreached"
"000F1C:Skyrim.esm","SublistEnchWeaponBattleaxeDaedricBest05","False","unreached"
"1046D5:Skyrim.esm","LItemEnchRingAll75","True","unreached"
"0DDD97:Skyrim.esm","LItemEnchGlassMaceBoss","False","actor-only"
"02B0AB:Dragonborn.esm","DLC2SublistEnchNordicBattleaxeSoulTrap","True","container-only"
"046052:Skyrim.esm","LItemSoldierSonsWaraxe","True","both"
"10D9CA:Skyrim.esm","LItemFoodMeatChicken75","False","container-only"
"092B15:Skyrim.esm","LItemIngredientUncommonSame75","False","unreached"
"065A55:Skyrim.esm","LItemPotionFortifyRestorationBest","True","container-only"
"0A69F0:Skyrim.esm","SublistEnchSteelMaceStamina","True","both"
"0CB3E7:Skyrim.esm","LItemEnchDaedricWeaponSoulTrap","False","unreached"
"0E0FDB:Skyrim.esm","LItemStaffConjuration00NPC","False","actor-only"
"06A3C6:Skyrim.esm","LootForswornGold","True","both"
"089918:Skyrim.esm","SublistEnchIronDaggerTurn","True","both"
"06A3C3:Skyrim.esm","LootForswornArmor100","False","container-only"
"04B586:Skyrim.esm","LItemEnchWeaponSword","True","both"
"09BC37:Skyrim.esm","LItemArmorCuirassLightBlacksmith","True","both"
"1072E7:Skyrim.esm","SublistEnchDwarvenSwordAbsorbMagicka","True","both"
"0EE5C1:Skyrim.esm","DA07GoldReward01Single","False","unreached"
"0FDA0B:Skyrim.esm","SublistEnchArmorDragonscaleShield04","False","both"
"02BC06:Dragonborn.esm","DLC2LItemEnchWeaponMace","True","container-only"
"01FF12:Dragonborn.esm","DLC2LItemEnchWeaponBattleAxeBest","True","both"
"049313:Skyrim.esm","FavorRewardEnchArmor","False","unreached"
"072AE8:Skyrim.esm","VendorGoldApothecary","False","container-only"
"017000:Skyrim.esm","LItemEnchWeapon1HDremoraFire","True","actor-only"
"08990E:Skyrim.esm","SublistEnchIronBattleaxeShock","True","both"
"03AD97:Skyrim.esm","DeathItemSabrecat","False","unreached"
"01CBCC:Skyrim.esm","SublistEnchDwarvenBattleaxeFear","True","both"
"101C91:Skyrim.esm","LItemFoodBlackBriarMead25","False","container-only"
"03A1BD:Skyrim.esm","LItemPotionResistances","False","both"
"1072E1:Skyrim.esm","SublistEnchDwarvenGreatswordAbsorbMagicka","True","both"
"017003:Skyrim.esm","LItemEnchIronWeaponDremoraFire","False","actor-only"
"08AF2F:Skyrim.esm","SublistEnchDaedricDaggerFear","True","both"
"10C1EB:Skyrim.esm","LItemIngredientHoneycomb","False","container-only"
"0173D2:Skyrim.esm","LItemBlacksmithWeapon100","False","container-only"
"089913:Skyrim.esm","SublistEnchIronDaggerFrost","True","both"
"0CB3E0:Skyrim.esm","LItemEnchDaedricWeaponBanish","False","unreached"
"065A7E:Skyrim.esm","LItemDrainMagicSkills","False","unreached"
"016E1F:Skyrim.esm","LItemRobesCollegeConjuration","True","container-only"
"08B64B:Skyrim.esm","SublistEnchArmorDwarvenCuirass03","False","both"
"10730F:Skyrim.esm","SublistEnchElvenMaceAbsorbStamina","True","both"
"09AF0F:Skyrim.esm","LItemMiscVendorLockpicks75","False","both"
"02AACF:Dragonborn.esm","DLC2SublistEnchNordicWarhammerFire","True","container-only"
"0374FA:Dragonborn.esm","DLC2LItemArmorHelmetAnyTown","False","container-only"
"0A297E:Skyrim.esm","LItemSpellTomes25AllConjuration","False","container-only"
"03B0C8:Skyrim.esm","dunSilentMoonsLItemEnchIronMace","True","unreached"
"0A6A24:Skyrim.esm","SublistEnchSteelWarAxeSoulTrap","True","both"
"0F84C8:Skyrim.esm","TGPotionofConflict","True","container-only"
"035319:Skyrim.esm","LItemStaff00","False","both"
"0C9A30:Skyrim.esm","LItemEnchOrcishWeaponTurn","False","unreached"
"0647AF:Skyrim.esm","LItemForswornGauntlets","False","unreached"
"07A836:Skyrim.esm","LItemEnchArmorLightBoots","True","both"
"037849:Dragonborn.esm","DLC2LItemIngredientNew75","False","both"
"0B4217:Skyrim.esm","SublistEnchArmorHideGauntlets02","False","both"
"017117:Skyrim.esm","LItemFalmerEar25","False","unreached"
"0F6288:Skyrim.esm","LItemBlacksmithMinCuirassLight","True","container-only"
"03B0CB:Skyrim.esm","dunSilentMoonsLItemEnchSteelMace","True","unreached"
"08C817:Skyrim.esm","SublistEnchDaedricWarhammerMagicka","True","both"
"02BC3E:Dragonborn.esm","DLC2LootBanditArmor100","False","container-only"
"026B4E:Dragonborn.esm","DLC2LItemBanditArmorAll","False","unreached"
"0FD9E3:Skyrim.esm","SublistEnchArmorScaledHelmet03","False","both"
"03A1B2:Skyrim.esm","LItemPotionFortifyHealth","True","container-only"
"0A0931:Skyrim.esm","LItemWerewolfWeapon04","False","unreached"
"065A3C:Skyrim.esm","LItemPotionCarryBest","True","both"
"01CE5B:Skyrim.esm","SublistEnchDwarvenBowFear","True","both"
"089907:Skyrim.esm","SublistEnchIronBattleaxeFire","True","both"
"0B5089:Skyrim.esm","SublistEnchArmorIronCuirass03","False","both"
"015BE1:Skyrim.esm","LItemBanditHeavyBoots","True","actor-only"
"10DFCE:Skyrim.esm","LItemEnchRingResistMagic","True","both"
"0FFF54:Skyrim.esm","TGProwlersProfitGems75","False","both"
"065A94:Skyrim.esm","LItemPoisonDrainDestructionBest","False","both"
"02BA62:Dragonborn.esm","DLC2SublistEnchArmorChitinLightHelmet04","False","container-only"
"01EBE7:Skyrim.esm","LootFalmerWeapon25","False","container-only"
"0899E1:Skyrim.esm","SublistEnchGlassGreatswordFrost","True","both"
"000F13:Skyrim.esm","SublistWeaponMaceDaedric05","False","both"
"10BF72:Skyrim.esm","LItemFoodPotato","False","container-only"
"100E89:Skyrim.esm","LItemEnchRingFortifyHMSRate","False","both"
"0A6A35:Skyrim.esm","LItemEnchSteelWeaponMagicka","False","unreached"
"065A7D:Skyrim.esm","LItemPoisonDrainCombatSkills","False","both"
"0DDD82:Skyrim.esm","LItemEnchSteelGreatswordBoss","False","actor-only"
"000F2F:Skyrim.esm","SublistEnchArmorCuirass06Dragonplate05","False","both"
"028578:Dragonborn.esm","DLC2LItemSpellTomes75Destruction","False","unreached"
"10F9CF:Skyrim.esm","LItemIngredientsUndergroundRare","False","both"
"02AAF3:Dragonborn.esm","DLC2SublistEnchNordicMaceShock","True","container-only"
"08A9A4:Skyrim.esm","SublistEnchDaedricBattleAxeSoulTrap","True","both"
"032C73:Dragonborn.esm","DLC2LootBoarIngredients90","False","unreached"
"016E23:Skyrim.esm","LItemRobesCollegeMagickaHood","True","container-only"
"101DA8:Skyrim.esm","LootDwarvenClutter75","False","container-only"
"02C497:Dragonborn.esm","DLC2SublistEnchStahlrimMaceChaos","True","container-only"
"070F88:Skyrim.esm","LootVampireIngots10","False","unreached"
"02B0D7:Dragonborn.esm","DLC2LItemEnchNordicSword","False","container-only"
"044301:Skyrim.esm","LItemForswornBossSword","True","actor-only"
"08A109:Skyrim.esm","SublistEnchEbonyMaceSoulTrap","True","both"
"0899E6:Skyrim.esm","SublistEnchGlassGreatswordStamina","True","both"
"032C7B:Dragonborn.esm","DLC2DeathItemBoar","False","unreached"
"07591E:Skyrim.esm","VendorBlacksmithEnchWeaponsLevel10","False","container-only"
"0FDA09:Skyrim.esm","SublistEnchArmorDragonscaleGauntlets05","False","both"
"02BA77:Dragonborn.esm","DLC2SublistEnchArmorChitinShield04","False","container-only"
"037842:Dragonborn.esm","DLC2VendorBlacksmithEnchArmorLevel10","False","container-only"
"0A69FC:Skyrim.esm","SublistEnchSteelGreatswordStamina","True","both"
"03A247:Dragonborn.esm","DLC2LItemIngredientNewRR75","False","container-only"
"098E5F:Skyrim.esm","LItemFoodInnCommon","False","both"
"0D54C6:Skyrim.esm","TGMerchantArrows","False","container-only"
"089923:Skyrim.esm","SublistEnchIronWarhammerShock","True","both"
"046053:Skyrim.esm","LItemSoldierSonsMace","True","both"
"10E0E1:Skyrim.esm","LItemFoodInnCommon10","False","both"
"08A108:Skyrim.esm","SublistEnchEbonyMaceShock","True","both"
"0F961E:Skyrim.esm","LItemJewelryRingSmall","True","container-only"
"08B650:Skyrim.esm","SublistEnchArmorDwarvenHelmet02","False","both"
"0D8836:Skyrim.esm","TGRewardRandomLightArmor","False","container-only"
"02E1EE:Skyrim.esm","LItemVampireDagger","True","actor-only"
"070C0D:Skyrim.esm","LootDwarvenArrows100","False","unreached"
"01CB31:Skyrim.esm","DA14StaffDeathItem","False","unreached"
"08CA3D:Skyrim.esm","LItemOrcStrongholdSword","True","actor-only"
"043BD3:Skyrim.esm","LootForswornGoldBoss","True","container-only"
"00F1C0:Dawnguard.esm","DLC1LItemAmmoDwarvenBoltExplodingShockGated","False","container-only"
"09E2B0:Skyrim.esm","LItemSpellTomes00Alteration","False","both"
"000F37:Skyrim.esm","SublistEnchArmorGauntlets05Dragonplate05","False","both"
"09BC38:Skyrim.esm","LItemArmorGauntletsHeavyBlacksmith","True","both"
"089926:Skyrim.esm","SublistEnchIronSwordSoulTrap","True","both"
"107324:Skyrim.esm","SublistEnchGlassMaceAbsorbStamina","True","both"
"0D54BF:Skyrim.esm","VendorGoldFenceStage00","False","container-only"
"01D29B:Skyrim.esm","SublistEnchElvenDaggerTurn","True","both"
"09406A:Skyrim.esm","SublistEnchOrcishBattleaxeShock","True","both"
"07D97C:Skyrim.esm","SublistThalmorWeaponGlass1H","False","actor-only"
"0C9A2B:Skyrim.esm","LItemEnchOrcishWeaponFrost","False","unreached"
"02C44F:Dragonborn.esm","DLC2LootDwarvenEnchArmor20","False","container-only"
"08A145:Skyrim.esm","SublistEnchEbonyWarAxeBanish","True","both"
"07A833:Skyrim.esm","SublistEnchArmorHideHelmet01","False","both"
"0CB3C2:Skyrim.esm","LItemEnchGlassWeaponShock","False","unreached"
"03CA95:Dragonborn.esm","DLC2MQ06MiraakRewardRobes","True","unreached"
"00F1C3:Dawnguard.esm","DLC1LItemAmmoSteelBoltExplodingShockGated","False","container-only"
"03A106:Skyrim.esm","LItemPotionFortifyTwoHanded","True","both"
"01CC02:Skyrim.esm","SublistEnchDwarvenBattleaxeFrost","True","both"
"03B0CD:Skyrim.esm","dunSilentMoonsLItemEnchSteelSword","True","unreached"
"09BC42:Skyrim.esm","LItemWeaponMaceBlacksmith","True","both"
"017113:Skyrim.esm","LItemSilverHandWeapon","False","actor-only"
"00E8DA:Dawnguard.esm","DLC1FalmerShamanWeapon","True","actor-only"
"10F91C:Skyrim.esm","LItemApothecaryRecipesRare50","False","both"
"028577:Dragonborn.esm","DLC2LItemSpellTomes75Conjuration","False","unreached"
"070F85:Skyrim.esm","LootVampireGold","True","container-only"
"1072C7:Skyrim.esm","SublistEnchDaedricBattleaxeAbsorbStamina","True","both"
"02BAA6:Dragonborn.esm","DLC2SublistEnchArmorStalhrimLightHelmet04","False","container-only"
"01C4EB:Skyrim.esm","DA03AxeDeathItem","False","unreached"
"10E4F5:Skyrim.esm","LItemStaffDestruction00","False","both"
"10734A:Skyrim.esm","LItemEnchCircletMarksman","True","both"
"02BC02:Dragonborn.esm","DLC2LItemEnchWeaponBattleAxe","True","container-only"
"01CDFD:Dragonborn.esm","DLC2SpellBookConjureAshSpawn","False","container-only"
"0E3E9A:Skyrim.esm","LItemPotionAllBest","False","unreached"
"04B589:Skyrim.esm","LItemEnchWeaponFrost","True","unreached"
"0C9A39:Skyrim.esm","LItemEnchDwarvenWeaponFear","False","unreached"
"0DDD62:Skyrim.esm","LItemDraugr02BossWeapon1HMagic","True","actor-only"
"10FABB:Skyrim.esm","LootForswornSoulGems10","True","actor-only"
"0E93D0:Skyrim.esm","LItemFoodChild","False","actor-only"
"0899EE:Skyrim.esm","SublistEnchGlassMaceShock","True","both"
"0DDD9B:Skyrim.esm","LItemEnchDaedricWarAxeBoss","False","unreached"
"107304:Skyrim.esm","SublistEnchElvenBattleaxeAbsorbHealth","True","both"
"03FFFB:Skyrim.esm","LItemBook0All","False","both"
"074A29:Skyrim.esm","LItemPoisonDamageMagickaRateBest","True","unreached"
"01954D:Dragonborn.esm","DLC2ExpSpiderAlbinoDeathItem","False","unreached"
"0AF251:Skyrim.esm","TGRewardEnchWeapon1Ha","False","container-only"
"08B64A:Skyrim.esm","SublistEnchArmorDwarvenCuirass02","False","both"
"0F4C84:Skyrim.esm","LItemWeaponDwarvenBattleAxe","True","unreached"
"0374E5:Dragonborn.esm","DLC2LItemWeaponDaggerTown","True","unreached"
"1031AA:Skyrim.esm","LItemEnchWeaponAnySpecial","False","container-only"
"0B5562:Skyrim.esm","LootDraugrEnchArmor25","False","unreached"
"10E0DC:Skyrim.esm","LootDwarvenArrows10","False","unreached"
"02BA9E:Dragonborn.esm","DLC2SublistEnchArmorStalhrimHeavyCuirass06","False","container-only"
"02DF99:Skyrim.esm","LItemVampireWeapon1H","False","unreached"
"0C44A8:Skyrim.esm","LItemMiscVendorJewelry100","False","container-only"
"0FFF55:Skyrim.esm","TGProwlersProfitGems50","False","both"
"0A196E:Skyrim.esm","LItemWerewolfHideGauntlets50","False","unreached"
"08A820:Skyrim.esm","SublistEnchEbonyWarhammerMagicka","True","both"
"074A34:Skyrim.esm","LItemPotionMagicEffectsBest","False","both"
"073FC5:Skyrim.esm","LItemClothesFarmBoots","False","both"
"01A45A:Skyrim.esm","CWCourierDocumentsSons","False","unreached"
"02B0BF:Dragonborn.esm","DLC2SublistEnchNordicDaggerMagicka","True","container-only"
"0398E7:Dragonborn.esm","DLC2LootAncientNordPickaxe","False","container-only"
"107339:Skyrim.esm","SublistEnchOrcishMaceAbsorbStamina","True","both"
"0899E4:Skyrim.esm","SublistEnchGlassGreatswordShock","True","both"
"0B420B:Skyrim.esm","LootBanditArmor100","False","container-only"
"10730D:Skyrim.esm","SublistEnchElvenMaceAbsorbHealth","True","both"
"02BC3B:Dragonborn.esm","DLC2LootBanditEnchWeapons100","False","container-only"
"0FD9D0:Skyrim.esm","SublistEnchArmorDragonplateBoots05","False","both"
"0FDA00:Skyrim.esm","SublistEnchArmorDragonscaleHelmet04","False","both"
"089919:Skyrim.esm","SublistEnchIronGreatswordFear","True","both"
"0AE737:Skyrim.esm","SublistEnchImperialBowMagicka","True","both"
"04B582:Skyrim.esm","LItemEnchSteelMace","False","both"
"10F805:Skyrim.esm","defaultGhostLeveledList","False","unreached"
"0899E2:Skyrim.esm","SublistEnchGlassGreatswordMagicka","True","both"
"01710A:Skyrim.esm","LItemIngotEbony50","False","container-only"
"01706A:Skyrim.esm","LItemSoldierImperialHelmetBest","False","unreached"
"0899E7:Skyrim.esm","SublistEnchGlassGreatswordTurn","True","both"
"0A44CE:Skyrim.esm","LootDraugrScrolls10","False","both"
"107349:Skyrim.esm","LItemEnchCircletMagicka","True","both"
"000F32:Skyrim.esm","SublistEnchArmorCuirass06Daedric05","False","both"
"0D33C7:Skyrim.esm","OutfitListGuardWhiterun","False","actor-only"
"02C457:Dragonborn.esm","DLC2LootWarlockChestBossBase","False","container-only"
"0D16E7:Skyrim.esm","LItemMS09Boots","True","actor-only"
"10D9D1:Skyrim.esm","LItemMiscHunterAnimalParts75","True","both"
"01CE6F:Skyrim.esm","SublistEnchDwarvenBowFrost","True","both"
"0B421F:Skyrim.esm","SublistEnchArmorStuddedCuirass02","False","both"
"02DF9A:Skyrim.esm","LootVampireGold50","False","both"
"1034FA:Skyrim.esm","LItemWESpellswordHelmet50","True","actor-only"
"10FAB5:Skyrim.esm","LootFalmerRestoreHealth50","False","actor-only"
"02AAC8:Dragonborn.esm","DLC2SublistEnchNordicWarAxeStamina","True","both"
"03A173:Skyrim.esm","LItemPotionRestoreStamina","True","both"
"01D2B3:Skyrim.esm","SublistEnchElvenSwordTurn","True","both"
"07151E:Skyrim.esm","LootCWImperialsSoulGems25","False","container-only"
"00F1AA:Dawnguard.esm","DLC1LItemWeaponDwarvenCrossBowEnhancedGated","False","container-only"
"070C68:Skyrim.esm","LootWerewolfGems100","False","container-only"
"01EBD5:Skyrim.esm","LootFalmerGems25","False","container-only"
"105245:Skyrim.esm","LItemNecromancerRobesDestruction","True","both"
"02E1EF:Skyrim.esm","LItemVampireBossDagger","True","unreached"
"0715C5:Skyrim.esm","LootCWSonsJewelry100","False","container-only"
"0CB3EE:Skyrim.esm","SublistEnchGlassWarhammerSoulTrap","True","both"
"0FD992:Skyrim.esm","SublistEnchArmorOrcishCuirass05","False","both"
"02930D:Dragonborn.esm","DLC2ExpSpiderLItemGemEmeraldFlawless","False","unreached"
"10733C:Skyrim.esm","SublistEnchOrcishSwordAbsorbStamina","True","both"
"0A6A20:Skyrim.esm","LItemEnchSteelDagger","False","both"
"07149A:Skyrim.esm","LootHagravenGoldBoss","True","container-only"
"105596:Skyrim.esm","OutfitListHoldGuardHelmetsReach","False","actor-only"
"0074C6:Dawnguard.esm","DLC01DeathItemKeeperShield","False","unreached"
"065A3E:Skyrim.esm","LItemPotionFortifyHealthBest","True","unreached"
"01C91D:Skyrim.esm","SublistEnchOrcishWarAxeFrost","True","both"
"089939:Skyrim.esm","LItemEnchIronWeaponStamina","False","unreached"
"07161A:Skyrim.esm","LootCWImperialsWeapon100","False","container-only"
"0C3DE2:Skyrim.esm","CWRankRewardSons","True","unreached"
"01D2BB:Skyrim.esm","SublistEnchElvenWarAxeTurn","True","both"
"08A13C:Skyrim.esm","SublistEnchEbonySwordFear","True","both"
"08B603:Skyrim.esm","SublistEnchDaedricGreatswordFire","True","both"
"017004:Skyrim.esm","LItemEnchGlassWeaponDremoraFire","False","actor-only"
"071617:Skyrim.esm","LootCWSonsWeapon100","False","container-only"
"03AD8C:Skyrim.esm","DeathItemGiant","False","unreached"
"01D287:Skyrim.esm","SublistEnchElvenBattleaxeMagicka","True","both"
"01CD95:Skyrim.esm","SublistEnchDwarvenBattleaxeShock","True","both"
"01CC03:Skyrim.esm","SublistEnchDwarvenBattleaxeMagicka","True","both"
"08B60F:Skyrim.esm","SublistEnchDaedricMaceMagicka","True","both"
"02932F:Dragonborn.esm","DLC2ExpSpiderLItemAlbinoPodList","False","both"
"10F9B5:Skyrim.esm","LootEnchRobes10","False","container-only"
"1031AB:Skyrim.esm","LItemWeaponMaceSpecial","True","container-only"
"03750C:Dragonborn.esm","DLC2LItemEnchArmorLightShieldNoDragon","True","container-only"
"1031BC:Skyrim.esm","LItemEnchArmorLightCuirassSpecial","True","container-only"
"0CB3CE:Skyrim.esm","LItemEnchEbonyWeaponBanish","False","unreached"
"02C445:Dragonborn.esm","DLC2LootDraugrArmor100","False","container-only"
"02BC37:Dragonborn.esm","DLC2LItemEnchWeaponWarhammerSpecial","True","container-only"
"075667:Skyrim.esm","SublistEnchOrcishBattleaxeFear","True","both"
"03CA93:Dragonborn.esm","DLC2MQ06MiraakRewardSword","True","unreached"
"09CD49:Skyrim.esm","LItemApothecaryIngredienstUncommon75","False","both"
"01FF16:Dragonborn.esm","DLC2LItemEnchWeaponDaggerBest","True","both"
"015CB7:Dawnguard.esm","DLC1LItemFalmerBootsHeavy25","True","actor-only"
"08FFF1:Skyrim.esm","SublistEnchArmorElvenBoots02","False","both"
"0FD9AE:Skyrim.esm","SublistEnchArmorDaedricCuirass04","False","both"
"0FD99E:Skyrim.esm","SublistEnchArmorOrcishShield05","False","both"
"1034EB:Skyrim.esm","LItemWEBattlemageCuirass","True","actor-only"
"089D5E:Skyrim.esm","SublistEnchEbonyBowStamina","True","both"
"10F9B6:Skyrim.esm","LItemEnchRobes75","False","container-only"
"070F7D:Skyrim.esm","LootVampireGems15","False","both"
"08A38C:Skyrim.esm","LItemSoldierImperialGauntlets","True","unreached"
"10FE61:Skyrim.esm","TG02MercLItemWeapon1H","False","actor-only"
"08992A:Skyrim.esm","LItemEnchIronWarhammer","False","both"
"02B9C3:Dragonborn.esm","DLC2SublistEnchStalhrimSwordAbsorbHealth","True","container-only"
"065A43:Skyrim.esm","LItemPotionResistMagicBest","True","both"
"1072C5:Skyrim.esm","SublistEnchDaedricBattleaxeAbsorbHealth","True","both"
"024338:Skyrim.esm","LItemDraugr05EWeaponBow","False","actor-only"
"0A44C7:Skyrim.esm","LItemScroll00Skill","False","unreached"
"065A8C:Skyrim.esm","LItemPoisonDamageHealthBest","True","unreached"
"03AD89:Skyrim.esm","DeathItemFrostbiteSpider","False","unreached"
"0B5090:Skyrim.esm","LItemEnchArmorHeavyCuirass","True","both"
"02C43D:Dragonborn.esm","DLC2AnimalParts75","False","unreached"
"026B4C:Dragonborn.esm","DLC2ChitinLightGauntlets50","False","actor-only"
"01C08A:Skyrim.esm","SublistEnchOrcishBattleAxeFrost","True","both"
"000ED8:Skyrim.esm","LItemEnchWeaponWarAxeBlacksmith","True","both"
"0DDD76:Skyrim.esm","LItemEnchDaedricBattleaxeBoss","False","unreached"
"0A6A1D:Skyrim.esm","SublistEnchSteelDaggerSoulTrap","True","both"
"01D280:Skyrim.esm","SublistEnchDwarvenWarhammerShock","True","both"
"068836:Skyrim.esm","LootDraugrSoulGems20","False","both"
"10F64F:Skyrim.esm","LItemSpellTomes00AllConjuration","False","container-only"
"0F4C85:Skyrim.esm","LItemWeaponDwarvenBow","True","unreached"
"02BC0C:Dragonborn.esm","DLC2LItemEnchWeaponAny","False","container-only"
"08B609:Skyrim.esm","SublistEnchDaedricGreatswordStamina","True","both"
"000F36:Skyrim.esm","SublistEnchArmorGauntlets04Dragonplate05","False","both"
"1046E9:Skyrim.esm","LootCitizenChildToysList75","False","actor-only"
"00D0E1:Dawnguard.esm","DLC1SublistEnchDwarvenCrossbowParalyze","True","actor-only"
"01D2A9:Skyrim.esm","SublistEnchElvenMaceSoulTrap","True","both"
"106664:Skyrim.esm","LItemJewelryCirclet25","True","unreached"
"0A69EC:Skyrim.esm","SublistEnchSteelBattleAxeTurn","True","both"
"043BD5:Skyrim.esm","LItemForswornWeapon1H","False","actor-only"
"01D2C2:Skyrim.esm","SublistEnchElvenWarhammerStamina","True","both"
"10C6EF:Skyrim.esm","ArmorElvenSet","False","unreached"
"10FAD7:Skyrim.esm","LootStaffsWeaponVampire","True","unreached"
"037845:Dragonborn.esm","DLC2LItemEnchWeaponNordicAll","False","container-only"
"02BBF9:Dragonborn.esm","DLC2LItemEnchArmorHeavyHelmet","True","container-only"
"02B0C8:Dragonborn.esm","DLC2SublistEnchNordicGreatswordBanish","True","container-only"
"017112:Skyrim.esm","LootSilverHandPotions","False","actor-only"
"0A2730:Skyrim.esm","LItemSpellTomes50Conjuration","False","container-only"
"089C1D:Skyrim.esm","SublistEnchEbonyBattleaxeFire","True","both"
"0A298E:Skyrim.esm","LitemSpellTomes50AllDestruction","False","container-only"
"01A186:Dawnguard.esm","DLC01DeathItemKeeperSword","False","unreached"
"10AA4E:Skyrim.esm","CWSoldierSonsGearNoTorch","False","actor-only"
"0FD9B6:Skyrim.esm","SublistEnchArmorDaedricCuirass06","False","both"
"01D29E:Skyrim.esm","SublistEnchElvenGreatswordFrost","True","both"
"0A3F66:Skyrim.esm","LItemMiscVendorJewelry25","False","container-only"
"0AE736:Skyrim.esm","SublistEnchImperialBowFrost","True","both"
"0CD9F2:Skyrim.esm","LItemArmorShieldAnyReward","False","unreached"
"10D9C6:Skyrim.esm","LItemFoodMeatBeef75","False","container-only"
"00D0E2:Dawnguard.esm","DLC1SublistEnchDwarvenCrossbowMagicka","True","actor-only"
"02B0C7:Dragonborn.esm","DLC2SublistEnchNordicGreatswordAbsorbStamina","True","container-only"
"0CB3B7:Skyrim.esm","LItemEnchGlassGreatsword","False","both"
"065A89:Skyrim.esm","LItemPoisonDamageHMS","False","both"
"107317:Skyrim.esm","SublistEnchElvenWarhammerAbsorbMagicka","True","both"
"0B5561:Skyrim.esm","LootDraugrEnchArmor15","False","unreached"
"01D2B8:Skyrim.esm","SublistEnchElvenWarAxeShock","True","both"
"0AF26C:Skyrim.esm","TGRewardGold","True","both"
"0DDD96:Skyrim.esm","LItemEnchElvenMaceBoss","False","actor-only"
"00F1A8:Dawnguard.esm","DLC1VendorGadgetsSorineJurardCrossBow","False","container-only"
"08CA33:Skyrim.esm","SublistEnchElvenWarhammerParalyze","True","both"
"10C734:Skyrim.esm","LitemJunk","False","unreached"
"02BC0D:Dragonborn.esm","DLC2LItemWeaponBattleAxe","True","both"
"089F25:Skyrim.esm","SublistEnchEbonyDaggerTurn","True","both"
"01FF00:Dragonborn.esm","DLC2LItemEnchArmorHeavyCuirassDremora","True","container-only"
"10732D:Skyrim.esm","SublistEnchGlassWarhammerAbsorbStamina","True","both"
"0A2985:Skyrim.esm","LItemSpellTomes75AllIllusion","False","container-only"
"0DDD87:Skyrim.esm","LItemEnchGlassWarhammerBoss","False","actor-only"
"02B9AF:Dragonborn.esm","DLC2SublistEnchStalhrimGreatswordFrost","True","container-only"
"04B575:Skyrim.esm","SublistEnchSteelMaceShock","True","both"
"00E90E:Dawnguard.esm","DLC1LItemEnchWeaponSwordSpecial","True","unreached"
"0EA539:Skyrim.esm","CWFinaleFactionLeaderSwordList","True","unreached"
"0B4223:Skyrim.esm","LItemEnchArmorLightGauntlets","True","both"
"02B0BD:Dragonborn.esm","DLC2SublistEnchNordicDaggerFire","True","container-only"
"089D5B:Skyrim.esm","SublistEnchEbonyBowParalyze","True","both"
"074A26:Skyrim.esm","LItemPoisonDamageMagickaLingering","True","unreached"
"00D0E4:Dawnguard.esm","DLC1LitemEnchDwarvenCrossbowGated","False","actor-only"
"064A61:Skyrim.esm","LItemDA13ArmorCuirassHeavy","True","actor-only"
"0374F3:Dragonborn.esm","DLC2LItemArmorHelmetHeavyTown","True","container-only"
"05BF1E:Skyrim.esm","LItemDraugr02Weapon2HMagic","True","actor-only"
"02BA96:Dragonborn.esm","DLC2SublistEnchArmorStalhrimLightBoots05","False","container-only"
"0FDA02:Skyrim.esm","SublistEnchArmorDragonscaleHelmet06","False","both"
"10F9B2:Skyrim.esm","LItemRobesIllusion","True","container-only"
"10C1FA:Skyrim.esm","LItemIngredientMoraTapinella","False","container-only"
"02AAC6:Dragonborn.esm","DLC2SublistEnchNordicWarAxeShock","True","both"
"026B54:Dragonborn.esm","DLC2ChitinShield20","False","actor-only"
"02BA73:Dragonborn.esm","DLC2SublistEnchArmorChitinHeavyGauntlets04","False","container-only"
"01B3A5:Skyrim.esm","ArmorHideSet","False","unreached"
"02BA68:Dragonborn.esm","DLC2SublistEnchArmorChitinLightBoots04","False","container-only"
"0CB3E4:Skyrim.esm","LItemEnchDaedricWeaponMagicka","False","unreached"
"000F09:Skyrim.esm","SublistArmorShieldDragonscale05","False","both"
"06003B:Skyrim.esm","LootForswornSoulGems20","False","container-only"
"02AA09:Dragonborn.esm","DLC2LItemBook3All","False","container-only"
"08B60E:Skyrim.esm","SublistEnchDaedricMaceFrost","True","both"
"0F5D1E:Skyrim.esm","dunLItemFolgunthurMikrulSword","True","actor-only"
"0CB3BC:Skyrim.esm","LItemEnchGlassWeaponBanish","False","unreached"
"037C10:Skyrim.esm","BaseArrowElven75","False","both"
"107329:Skyrim.esm","SublistEnchGlassWarAxeAbsorbMagicka","True","both"
"0154E2:Skyrim.esm","dunMarkarthWizardMeleeSecurityCuirass","True","actor-only"
"02AACA:Dragonborn.esm","DLC2SublistEnchNordicWarhammerAbsorbHealth","True","container-only"
"0FDA10:Skyrim.esm","LItemEnchArmorHeavyGauntletsNoDragon","True","both"
"0A44CA:Skyrim.esm","LItemScroll75Skill","False","unreached"
"02B0F4:Dragonborn.esm","DLC2OceanIngredients50","False","unreached"
"1031B0:Skyrim.esm","LItemWeaponSwordSpecial","True","container-only"
"08B60C:Skyrim.esm","SublistEnchDaedricMaceFear","True","both"
"0CB3D3:Skyrim.esm","LItemEnchEbonyWeaponParalyze","False","unreached"
"02BA69:Dragonborn.esm","DLC2SublistEnchArmorChitinHeavyCuirass02","False","container-only"
"08A9C0:Skyrim.esm","SublistEnchDaedricBowFire","True","both"
"0A2736:Skyrim.esm","LItemSpellTomes75Conjuration","False","unreached"
"09AF0D:Skyrim.esm","LItemMiscVendorMineralsProcessed25","True","both"
"000F4D:Skyrim.esm","SublistEnchArmorGauntlets06Dragonscale05","False","both"
"1017BA:Skyrim.esm","DeathItemMudCrab03","False","unreached"
"0A6A36:Skyrim.esm","LItemEnchSteelWeaponShock","False","unreached"
"101C92:Skyrim.esm","LItemFoodBlackBriarMead50","False","container-only"
"0ABF41:Skyrim.esm","OutfitListSoldierImperialNoHelmet","False","actor-only"
"011D67:Dawnguard.esm","DLC1LootBoltDwarven75","False","unreached"
"071136:Skyrim.esm","LootHagravenEnchWeapons100","False","container-only"
"01C754:Skyrim.esm","SublistEnchOrcishSwordStamina","True","both"
"0FDE79:Skyrim.esm","MGRitualDestructionBooks","False","container-only"
"02E1E5:Skyrim.esm","LItemVampireBossSword","True","unreached"
"0FD9BC:Skyrim.esm","SublistEnchArmorDaedricBoots06","False","both"
"01F13F:Dragonborn.esm","DLC2LItemElyneaIngredienstRare75","False","container-only"
"0B5100:Skyrim.esm","SublistEnchArmorSteelGauntlets03","False","both"
"026B4B:Dragonborn.esm","DLC2ChitinLightAll","False","actor-only"
"070C0F:Skyrim.esm","LootDwarvenChestPotions15","False","container-only"
"05BF21:Skyrim.esm","LItemDraugr05Weapon2HRegular","False","actor-only"
"070C11:Skyrim.esm","LootDwarvenEnchArmor20","False","container-only"
"089A00:Skyrim.esm","SublistEnchGlassWarAxeMagicka","True","both"
"0899C0:Skyrim.esm","SublistEnchGlassBattleaxeFear","True","both"
"08A0FA:Skyrim.esm","SublistEnchEbonyGreatswordFire","True","both"
"03A179:Skyrim.esm","LItemPotionFortifyStaminaRate","True","both"
"092A12:Skyrim.esm","SublistEnchArmorSteelPlateHelmet02","False","both"
"02AAD2:Dragonborn.esm","DLC2SublistEnchNordicWarhammerParalyze","True","container-only"
"0899DC:Skyrim.esm","SublistEnchGlassDaggerStamina","True","both"
"0351DC:Skyrim.esm","LItemStaffConjuration50","False","both"
"037C22:Skyrim.esm","LItemBanditCuirass","True","actor-only"
"0E0FDC:Skyrim.esm","LItemStaffConjuration75NPC","False","unreached"
"000F23:Skyrim.esm","SublistEnchWeaponSwordDaedric05","False","both"
"10FAB8:Skyrim.esm","LootForswornRawMeat25","False","actor-only"
"0899D4:Skyrim.esm","SublistEnchGlassDaggerBanish","True","both"
"02BC10:Dragonborn.esm","DLC2LItemWeaponGreatSword","True","both"
"0D77EF:Skyrim.esm","TGTQ04DeathItem","False","unreached"
"02B9DC:Dragonborn.esm","DLC2SublistEnchStalhrimWarhammerAbsorbMagicka","True","container-only"
"0B50FB:Skyrim.esm","SublistEnchArmorSteelCuirass01","False","both"
"01CF6A:Skyrim.esm","SublistEnchDwarvenBowTurn","True","both"
"065A81:Skyrim.esm","LItemPoisonDamageMagicka","True","both"
"08CA46:Skyrim.esm","LItemOrcStrongholdGauntlets","True","actor-only"
"0CD9F3:Skyrim.esm","LItemArmorHelmetHeavyReward","True","unreached"
"03AD96:Skyrim.esm","DeathItemMammoth","False","unreached"
"070D1A:Skyrim.esm","LootWerewolfWeapon25","False","container-only"
"01A459:Skyrim.esm","CWCourierDocumentsImperial","False","unreached"
"08FFF0:Skyrim.esm","SublistEnchArmorDwarvenShield04","False","both"
"089D61:Skyrim.esm","SublistEnchEbonyBowTurn","True","both"
"0CAF59:Skyrim.esm","LItemEnchElvenWeaponStamina","False","unreached"
"02B0C9:Dragonborn.esm","DLC2SublistEnchNordicGreatswordFear","True","container-only"
"036128:Dragonborn.esm","DLC2LootAshSpawnOre75","True","unreached"
"02BBFF:Dragonborn.esm","DLC2LItemEnchArmorLightShield","True","container-only"
"01D2B9:Skyrim.esm","SublistEnchElvenWarAxeSoulTrap","True","both"
"0FD9B9:Skyrim.esm","SublistEnchArmorDaedricHelmet06","False","both"
"089938:Skyrim.esm","LItemEnchIronWeaponSoulTrap","False","unreached"
"02C449:Dragonborn.esm","DLC2LootDraugrChestBossBase","False","container-only"
"08B648:Skyrim.esm","SublistEnchArmorDwarvenBoots03","False","both"
"09E2B1:Skyrim.esm","LItemSpellTomes00Conjuration","False","both"
"0F84C9:Skyrim.esm","TGPotionofKeenshot","True","container-only"
"01D2BE:Skyrim.esm","SublistEnchElvenWarhammerFrost","True","both"
"073FC4:Skyrim.esm","LItemClothesFarmTunic","False","both"
"107313:Skyrim.esm","SublistEnchElvenWarAxeAbsorbHealth","True","both"
"03AD9C:Skyrim.esm","DeathItemTroll","False","unreached"
"02B0C4:Dragonborn.esm","DLC2SublistEnchNordicDaggerTurn","True","container-only"
"03750B:Dragonborn.esm","DLC2LItemEnchArmorLightHelmetNoDragon","True","container-only"
"08C5B5:Skyrim.esm","SublistEnchDaedricWarhammerBanish","True","both"
"02C446:Dragonborn.esm","DLC2LootDraugrEnchArmor100","False","container-only"
"0B4216:Skyrim.esm","SublistEnchArmorHideCuirass03","False","both"
"10C1EC:Skyrim.esm","LItemIngredientSnowberry75","False","container-only"
"02BC09:Dragonborn.esm","DLC2LItemEnchWeaponWarhammer","True","container-only"
"026B5E:Dragonborn.esm","DLC2NordicHeavyBoss","False","actor-only"
"074A31:Skyrim.esm","LItemPotionWaterbreathingBest","True","both"
"0B503D:Skyrim.esm","LootFalmerCorpseGold","False","actor-only"
"02B0A8:Dragonborn.esm","DLC2SublistEnchNordicBattleaxeMagicka","True","container-only"
"01CF73:Skyrim.esm","SublistEnchDwarvenDaggerFear","True","both"
"0C9A42:Skyrim.esm","LItemEnchDwarvenWeaponTurn","False","unreached"
"017139:Skyrim.esm","LItemSoldierImperialArmorSet02","False","unreached"
"1072F9:Skyrim.esm","SublistEnchEbonyMaceAbsorbMagicka","True","both"
"07D973:Skyrim.esm","SublistThalmorElvenArmorWithHelmet","False","actor-only"
"065A8B:Skyrim.esm","LItemPoisonWeaknessAll","False","both"
"065A9C:Skyrim.esm","LItemPoisonWeaknessAllBest","False","both"
"02BC14:Dragonborn.esm","DLC2LItemWeaponWarhammer","True","both"
"05719C:Skyrim.esm","LItemArmorBootsHeavyBest","True","actor-only"
"0CAF51:Skyrim.esm","LItemEnchElvenWeaponBanish","False","unreached"
"00F1A2:Dawnguard.esm","DLC1LItemWeaponDwarvenCrossBowGated","False","container-only"
"02B0BC:Dragonborn.esm","DLC2SublistEnchNordicDaggerFear","True","container-only"
"01D26A:Skyrim.esm","SublistEnchDwarvenMaceStamina","True","both"
"03531B:Skyrim.esm","LItemStaff50","False","both"
"0DD645:Skyrim.esm","LItemSpellTomes100Alteration","False","unreached"
"09BC33:Skyrim.esm","LItemBlacksmithMinimum","False","container-only"
"0899D8:Skyrim.esm","SublistEnchGlassDaggerMagicka","True","both"
"1072C8:Skyrim.esm","SublistEnchDaedricDaggerAbsorbHealth","True","both"
"003148:Update.esm","CCLItemSpellVendorTomes50Phinis","False","container-only"
"0165C2:Skyrim.esm","LItemArmorShieldHeavy","True","both"
"03A06A:Skyrim.esm","LItemPotionFortifyRestoration","True","both"
"08A390:Skyrim.esm","LItemSoldierSonsHelmet","True","unreached"
"023EE9:Skyrim.esm","WIThiefLootSublist","False","actor-only"
"089D36:Skyrim.esm","SublistEnchEbonyBattleaxeParalyze","True","both"
"084B61:Skyrim.esm","SublistEnchArmorElvenGauntlets04","False","both"
"02C494:Dragonborn.esm","DLC2SublistEnchStahlrimBowChaos","True","container-only"
"10DF66:Skyrim.esm","LItemEnchNecklaceOneHanded","True","both"
"10D95F:Skyrim.esm","LItemFoodCarrotSmall","False","container-only"
"05719B:Skyrim.esm","LItemWeaponBattleAxeBest","True","actor-only"
"03DF19:Skyrim.esm","LItemBanditBossCuirass","True","actor-only"
"0A6A23:Skyrim.esm","SublistEnchSteelWarAxeMagicka","True","both"
"04B14B:Skyrim.esm","SublistEnchIronMaceFire","True","both"
"0647B0:Skyrim.esm","LItemForswornGauntlets50","False","actor-only"
"08A391:Skyrim.esm","LItemSoldierSonsBoots","True","unreached"
"0CB3D2:Skyrim.esm","LItemEnchEbonyWeaponMagicka","False","unreached"
"1046D2:Skyrim.esm","LootCitizenPocketsPoor","False","actor-only"
"02B9F0:Dragonborn.esm","DLC2LItemEnchStalhrimWarAxe","False","both"
"08A146:Skyrim.esm","SublistEnchEbonyWarAxeFear","True","both"
"08C587:Skyrim.esm","SublistEnchDaedricWarAxeStamina","True","both"
"10FAFB:Skyrim.esm","LItemImperialSymbol10","False","actor-only"
"1046D6:Skyrim.esm","LItemEnchRingAll25","True","actor-only"
"08FFEA:Skyrim.esm","LItemEnchOrcishBattleaxeMagicka","True","unreached"
"10DF6C:Skyrim.esm","LItemEnchNecklaceStaminaRate","True","both"
"0C96EE:Skyrim.esm","FavorRewardEnchWeaponAny","False","unreached"
"03324B:Dragonborn.esm","LItemWeaponGreatSwordNotOrcish","True","unreached"
"08A0FB:Skyrim.esm","SublistEnchEbonyGreatswordFrost","True","both"
"05BF05:Skyrim.esm","SublistEnchIronWarAxeTurn","True","both"
"09CD4A:Skyrim.esm","LItemApothecaryIngredienstRare75","False","both"
"0B508B:Skyrim.esm","SublistEnchArmorIronGauntlets03","False","both"
"0B50F8:Skyrim.esm","SublistEnchArmorSteelBoots02","False","both"
"02C48D:Dragonborn.esm","DLC2SublistEnchNordicDaggerChaos","True","container-only"
"000F01:Skyrim.esm","SublistArmorBootsDragonScale05","False","both"
"0FD9A8:Skyrim.esm","SublistEnchArmorEbonyGauntlets03","False","both"
"06A3C5:Skyrim.esm","LootForswornGems100","False","container-only"
"08A106:Skyrim.esm","SublistEnchEbonyMaceMagicka","True","both"
"08AEEE:Skyrim.esm","SublistEnchDaedricDaggerBanish","True","both"
"074A2A:Skyrim.esm","LItemPoisonDamageMagickaAll","False","unreached"
"01C078:Skyrim.esm","SublistEnchOrcishBattleAxeFire","True","both"
"037C26:Skyrim.esm","LItemBanditHelmet50","True","actor-only"
"04C6C7:Skyrim.esm","TG02AringothSafeGoldLoot","False","container-only"
"08991C:Skyrim.esm","SublistEnchIronGreatswordShock","True","both"
"0AE73B:Skyrim.esm","SublistEnchImperialBowTurn","True","both"
"0FD998:Skyrim.esm","SublistEnchArmorOrcishHelmet05","False","both"
"02B9ED:Dragonborn.esm","DLC2LItemEnchStalhrimGreatsword","False","container-only"
"073FAB:Skyrim.esm","LItemPoisonDrainMagicSkills","False","both"
"10C1E9:Skyrim.esm","LItemIngredientWheat","False","container-only"
"03B0C9:Skyrim.esm","dunSilentMoonsLItemEnchIronSword","True","unreached"
"039ED3:Skyrim.esm","LItemPotionFortifyEnchanting","True","both"
"10106D:Skyrim.esm","LItemEnchNecklaceResistShock","True","both"
"03DF20:Skyrim.esm","LItemBanditBossWarAxe","True","actor-only"
"0CAF01:Skyrim.esm","LItemEnchElvenDagger","False","both"
"0154E1:Skyrim.esm","dunMarkarthWizardMeleeSecurityBoots","True","actor-only"
"02AAD4:Dragonborn.esm","DLC2SublistEnchNordicWarhammerSoulTrap","True","container-only"
"0DDD61:Skyrim.esm","LItemDraugr02BossWeapon1HShield100","False","actor-only"
"032C70:Dragonborn.esm","DLC2LootRieklingJunk50","False","container-only"
"017F20:Skyrim.esm","ArmorIronSetNoHelmet","False","actor-only"
"000F0E:Skyrim.esm","SublistWeaponBowDaedricBest05","False","both"
"037500:Dragonborn.esm","DLC2BlacksmithArmorStalhrim75","True","container-only"
"10FAF6:Skyrim.esm","LootDwarvenArrowsBest","False","unreached"
"0F6287:Skyrim.esm","LItemBlacksmithMinCuirassHeavy","True","container-only"
"089915:Skyrim.esm","SublistEnchIronDaggerShock","True","both"
"023C1E:Skyrim.esm","LItemDraugr05Weapon2H","False","actor-only"
"070DB4:Skyrim.esm","LootWerewolfChestBossBase","False","container-only"
"10FADA:Skyrim.esm","DeathItemThalmorGold","True","actor-only"
"03FFFF:Skyrim.esm","LItemBook4All","True","both"
"0CAF00:Skyrim.esm","LItemEnchElvenBow","False","both"
"026B58:Dragonborn.esm","DLC2BanditArmorAllShield20","False","actor-only"
"02D290:Skyrim.esm","LItemDraugr02Weapon1HShield100","False","actor-only"
"08CA34:Skyrim.esm","SublistEnchElvenWarAxeParalyze","True","both"
"03509A:Skyrim.esm","LootWarlockSoulGems25","False","container-only"
"10FAC8:Skyrim.esm","LootDraugrSoulGems05","False","actor-only"
"074A37:Skyrim.esm","LItemPoisonAllBest","False","container-only"
"01D27A:Skyrim.esm","SublistEnchDwarvenWarAxeStamina","True","both"
"0D9F89:Skyrim.esm","LItemBookClutter","False","both"
"02AACC:Dragonborn.esm","DLC2SublistEnchNordicWarhammerAbsorbStamina","True","container-only"
"10DF65:Skyrim.esm","LItemEnchNecklaceMagicka","True","both"
"04B58C:Skyrim.esm","LItemEnchWeaponAny","False","container-only"
"026B5A:Dragonborn.esm","DLC2BonemoldAllShield20","False","actor-only"
"039ED7:Skyrim.esm","LItemPotionFortifyMarksman","True","both"
"08A140:Skyrim.esm","SublistEnchEbonySwordParalyze","True","both"
"1031C5:Skyrim.esm","LItemArmorCuirassLightSpecial","True","container-only"
"02856E:Dragonborn.esm","DLC2LootSpellBooks50","False","unreached"
"000F15:Skyrim.esm","SublistWeaponSwordDaedric05","False","both"
"107305:Skyrim.esm","SublistEnchElvenBattleaxeAbsorbMagicka","True","both"
"0A0932:Skyrim.esm","LItemWerewolfWeapon03","False","unreached"
"07127D:Skyrim.esm","LootHagravenSoulGems100","False","container-only"
"1031B4:Skyrim.esm","LItemWeaponAny2HSpecial","False","container-only"
"09406F:Skyrim.esm","SublistEnchOrcishDaggerTurn","True","both"
"0B5074:Skyrim.esm","SublistEnchArmorLeatherGauntlets01","False","both"
"10CD61:Skyrim.esm","LItemFoodFishPerch25","False","container-only"
"000F10:Skyrim.esm","SublistWeaponDaggerDaedricBest05","False","both"
"0CB3DE:Skyrim.esm","LItemEnchDaedricWarAxe","False","both"
"100E7D:Skyrim.esm","LItemEnchRingRestoration","True","both"
"105EF5:Skyrim.esm","LItemWarlockRobesRestoration","True","actor-only"
"08FFEF:Skyrim.esm","SublistEnchArmorDwarvenShield03","False","both"
"037508:Dragonborn.esm","DLC2LItemEnchArmorLightBootsNoDragon","True","container-only"
"0CB3C1:Skyrim.esm","LItemEnchGlassWeaponParalyze","False","unreached"
"10D9D2:Skyrim.esm","LItemHunterWeaponBow","True","actor-only"
"0A44CD:Skyrim.esm","LootBanditScrolls10","False","container-only"
"0C9A3B:Skyrim.esm","LItemEnchDwarvenWeaponFire","False","unreached"
"09BC41:Skyrim.esm","LItemWeaponGreatSwordBlacksmith","True","both"
"09AF09:Skyrim.esm","LItemMiscVendorArrows75","True","both"
"01D27C:Skyrim.esm","SublistEnchDwarvenWarhammerFear","True","both"
"084B5A:Skyrim.esm","SublistEnchArmorElvenCuirass03","False","both"
"071526:Skyrim.esm","LootCWSonsGold","True","both"
"0D16EC:Skyrim.esm","LItemMS09Shield","True","actor-only"
"0D16EB:Skyrim.esm","LItemMS09HeavyHelmet","True","actor-only"
"037846:Dragonborn.esm","DLC2LItemEnchStalhrimWeaponAny75","False","container-only"
"0C96ED:Skyrim.esm","FavorRewardArmorBest","False","unreached"
"07163E:Skyrim.esm","LootCWImperialsEnchArmor100","False","container-only"
"08B613:Skyrim.esm","SublistEnchDaedricMaceStamina","True","both"
"0B5104:Skyrim.esm","SublistEnchArmorSteelShield01","True","both"
"02AAC9:Dragonborn.esm","DLC2SublistEnchNordicWarAxeTurn","True","both"
"02AA08:Dragonborn.esm","DLC2LItemBook2All","False","container-only"
"004D3A:Dawnguard.esm","DLC1LD_DeathItemForgemaster","False","unreached"
"08A0FF:Skyrim.esm","SublistEnchEbonyGreatswordSoulTrap","True","both"
"05ADA4:Skyrim.esm","LItemOreOrichalcum","False","unreached"
"089916:Skyrim.esm","SublistEnchIronDaggerStamina","True","both"
"0CB3C5:Skyrim.esm","LItemEnchGlassWeaponTurn","False","unreached"
"08BAB5:Skyrim.esm","SublistEnchDaedricWarAxeFrost","True","both"
"02AAC7:Dragonborn.esm","DLC2SublistEnchNordicWarAxeSoulTrap","True","both"
"012491:Dawnguard.esm","DLC1VendorElvenArrows","False","container-only"
"065A91:Skyrim.esm","LItemPoisonDrainBlockBest","False","both"
"08AF60:Skyrim.esm","SublistEnchDaedricDaggerFire","True","both"
"000F33:Skyrim.esm","SublistEnchArmorGauntlets04Daedric05","False","both"
"026B5D:Dragonborn.esm","DLC2ChitinHeavyBoss","False","actor-only"
"0FD9FB:Skyrim.esm","SublistEnchArmorGlassShield04","False","both"
"100E72:Skyrim.esm","LItemEnchRingMagicka","True","both"
"01D284:Skyrim.esm","SublistEnchElvenBattleaxeFear","True","both"
"1031C8:Skyrim.esm","LItemArmorHelmetHeavySpecial","True","container-only"
"0899CA:Skyrim.esm","SublistEnchGlassBowBanish","True","both"
"10BF70:Skyrim.esm","LItemFoodAppleRed","False","container-only"
"01D299:Skyrim.esm","SublistEnchElvenDaggerSoulTrap","True","both"
"10F9B1:Skyrim.esm","LItemRobesDestruction","True","container-only"
"1031CE:Skyrim.esm","LItemArmorAllSpeciall","False","container-only"
"0A6A2B:Skyrim.esm","SublistEnchSteelWarhammerFrost","True","both"
"01FF18:Dragonborn.esm","DLC2LItemEnchWeaponMaceBest","True","both"
"0FD997:Skyrim.esm","SublistEnchArmorOrcishHelmet04","False","both"
"0B5085:Skyrim.esm","SublistEnchArmorLeatherHelmet03","False","both"
"00689B:Dawnguard.esm","DLC01SoulCairnHuskList70","False","container-only"
"107341:Skyrim.esm","SublistEnchOrcishWarhammerAbsorbMagicka","True","both"
"1046E2:Skyrim.esm","LItemGemsSmall25","True","both"
"0D06F9:Skyrim.esm","LootGiantAnimalPart75","True","container-only"
"01D262:Skyrim.esm","SublistEnchDwarvenGreatswordStamina","True","both"
"02B9D2:Dragonborn.esm","DLC2SublistEnchStalhrimWarAxeBanish","True","both"
"000EFA:Skyrim.esm","SublistArmorHelmetDragonplate05","False","container-only"
"10FA6D:Skyrim.esm","LItemStaff00NPC","False","actor-only"
"01D2BA:Skyrim.esm","SublistEnchElvenWarAxeStamina","True","both"
"0714B6:Skyrim.esm","LootCWImperialsEnchWeapons15","False","container-only"
"03509F:Skyrim.esm","LootWarlockJewelry100","False","container-only"
"09BC3A:Skyrim.esm","LItemArmorHelmetHeavyBlacksmith","True","container-only"
"02BC1B:Dragonborn.esm","DLC2LItemArmorCuirassHeavy","True","container-only"
"026B55:Dragonborn.esm","DLC2NordicShield20","False","unreached"
"03AD8B:Skyrim.esm","DeathItemGhost","False","unreached"
"015C6E:Skyrim.esm","ClothesFarm","False","actor-only"
"02BC18:Dragonborn.esm","DLC2LootBanditWeapon15","False","both"
"0F3928:Skyrim.esm","TGLootIngots50","False","both"
"018EC9:Skyrim.esm","LItemDraugrSword","True","actor-only"
"10731F:Skyrim.esm","SublistEnchGlassGreatswordAbsorbHealth","True","both"
"0571A4:Skyrim.esm","LItemWeaponGreatSwordBest","True","unreached"
"100E66:Skyrim.esm","LItemEnchRingHealth","True","both"
"1046E3:Skyrim.esm","LItemGems75","True","actor-only"
"02AA0A:Dragonborn.esm","DLC2LItemBook4All","False","container-only"
"017063:Skyrim.esm","LItemSoldierImperialCuirassBest","False","unreached"
"0DDD72:Skyrim.esm","LItemDraugr04BossWeapon1HShield100","False","actor-only"
"01C1BD:Skyrim.esm","SublistEnchOrcishGreatswordSoulTrap","True","both"
"108A43:Skyrim.esm","LItemDwarvenOil50","False","unreached"
"064A62:Skyrim.esm","LItemDA13ArmorCuirassLight","True","actor-only"
"107331:Skyrim.esm","SublistEnchOrcishDaggerAbsorbHealth","True","both"
"028572:Dragonborn.esm","DLC2LItemSpellTomes50Conjuration","False","unreached"
"0899FD:Skyrim.esm","SublistEnchGlassWarAxeBanish","True","both"
"09D4B7:Skyrim.esm","LItemClothesFarmBootsCorpse50","False","unreached"
"017106:Skyrim.esm","LItemIngotOrichalcum50","False","container-only"
"0CD9F1:Skyrim.esm","LItemArmorHelmetAnyReward","False","unreached"
"01D26F:Skyrim.esm","SublistEnchDwarvenSwordMagicka","True","both"
"0FD9FD:Skyrim.esm","SublistEnchArmorDragonscaleCuirass04","False","both"
"0D16E8:Skyrim.esm","LItemMS09Cuirass","True","actor-only"
"02BA5C:Dragonborn.esm","DLC2SublistEnchArmorBonemoldShield03","False","container-only"
"07D97D:Skyrim.esm","LItemThalmorWeapon1H","True","actor-only"
"03A06B:Skyrim.esm","LItemPotionFortifySmithing","True","both"
"05BF22:Skyrim.esm","LItemDraugr05Weapon2HMagic","False","actor-only"
"01FF04:Dragonborn.esm","DLC2LItemEnchArmorHeavyAllDremora","False","container-only"
"02B99D:Dragonborn.esm","DLC2SublistEnchStalhrimDaggerFear","True","container-only"
"02AA0B:Dragonborn.esm","DLC2LItemBook1Combined","False","unreached"
"039ED6:Skyrim.esm","LItemPotionFortifyLockpick","True","both"
"08A370:Skyrim.esm","SublistEnchEbonyWarhammerFear","True","both"
"0CD9EF:Skyrim.esm","LItemArmorCuirassLightReward","True","unreached"
"0F8A4B:Skyrim.esm","LItemEnchWeaponBattleAxeBest","True","unreached"
"02C48C:Dragonborn.esm","DLC2SublistEnchNordicBowChaos","True","container-only"
"0AC961:Skyrim.esm","PerkInvestorRiverwoodWhiteriverTraderList","False","container-only"
"0A6A25:Skyrim.esm","SublistEnchSteelWarAxeStamina","True","both"
"0FD9A4:Skyrim.esm","SublistEnchArmorEbonyHelmet05","False","both"
"026C87:Dragonborn.esm","DLC2StalhrimLightBoss","False","actor-only"
"02BA9B:Dragonborn.esm","DLC2SublistEnchArmorStalhrimHeavyCuirass04","False","container-only"
"037C0D:Skyrim.esm","BaseArrowIron75","False","both"
"01D296:Skyrim.esm","SublistEnchElvenDaggerFrost","True","both"
"075920:Skyrim.esm","VendorBlacksmithEnchArmor100","False","container-only"
"02BBF8:Dragonborn.esm","DLC2LItemEnchArmorHeavyGauntlets","True","container-only"
"1046E8:Skyrim.esm","LootCitizenChildToysList25","False","actor-only"
"04F78B:Skyrim.esm","LootDraugrChestPotions100","False","unreached"
"08B64F:Skyrim.esm","SublistEnchArmorDwarvenGauntlets04","False","both"
"04B573:Skyrim.esm","SublistEnchSteelMaceFire","True","both"
"0A69F5:Skyrim.esm","SublistEnchSteelSwordTurn","True","both"
"01D293:Skyrim.esm","SublistEnchElvenBowTurn","True","both"
"03A1B7:Skyrim.esm","LItemPotionCarry","True","both"
"0B089E:Skyrim.esm","DB10PenitusTorch75","False","actor-only"
"0EA147:Skyrim.esm","CWSoldierSonsGear1H","False","actor-only"
"10D960:Skyrim.esm","LItemFoodPotatoSmall","False","container-only"
"0B5088:Skyrim.esm","SublistEnchArmorIronCuirass02","False","both"
"04B581:Skyrim.esm","LItemEnchIronWarAxe","False","both"
"10F652:Skyrim.esm","LItemSpellTomes00AllRestoration","False","container-only"
"0FD9A0:Skyrim.esm","SublistEnchArmorEbonyCuirass04","False","both"
"03509E:Skyrim.esm","LootWarlockScrolls100","False","both"
"07D981:Skyrim.esm","SublistThalmorArrowsGlass","False","actor-only"
"02AAD8:Dragonborn.esm","DLC2SublistEnchNordicWarAxeFear","True","both"
"000F39:Skyrim.esm","SublistEnchArmorHelmet04Dragonplate05","False","both"
"01D2A3:Skyrim.esm","SublistEnchElvenGreatswordTurn","True","both"
"01E1AA:Dragonborn.esm","DLC2ChitinHeavyAllShield20","False","actor-only"
"10EB32:Skyrim.esm","LItemIronOrSteelWarAxe","False","unreached"
"016749:Skyrim.esm","LItemArmorBootsHeavyTown","True","container-only"
"00E90F:Dawnguard.esm","DLC1LItemEnchWeaponBattleAxeSpecial","True","unreached"
"0A2982:Skyrim.esm","LItemSpellTomes75AllAlteration","False","container-only"
"070C1F:Skyrim.esm","LootDwarvenChestBossBase","False","container-only"
"06A3CC:Skyrim.esm","LootForswornChestBossBase","False","container-only"
"10C45F:Skyrim.esm","LItemVigilantRobes","False","actor-only"
"01A17F:Dawnguard.esm","DLC01DeathItemKeeperBow","False","unreached"
"0571AE:Skyrim.esm","LItemArmorCuirassAnyBest","False","unreached"
"087134:Skyrim.esm","LItemIngredientsRare","False","both"
"01674E:Skyrim.esm","LItemArmorCuirassAnyTown","False","container-only"
"01D267:Skyrim.esm","SublistEnchDwarvenMaceMagicka","True","both"
"0AE741:Skyrim.esm","SublistEnchOrcishBowSoulTrap","True","both"
"02BC31:Dragonborn.esm","DLC2LItemEnchWeaponBowSpecial","True","container-only"
"064A5F:Skyrim.esm","LItemDA13ArmorBootsLight","True","actor-only"
"10E8A5:Skyrim.esm","LItemFurnitureNobleClothing","False","container-only"
"02D279:Skyrim.esm","LItemDraugrShield100","False","actor-only"
"0FDE7A:Skyrim.esm","MGRitualIllusionBooks","False","container-only"
"01CB80:Skyrim.esm","SublistEnchOrcishWarhammerStamina","True","both"
"026B5C:Dragonborn.esm","DLC2BonemoldBoss","False","actor-only"
"0FD9D4:Skyrim.esm","SublistEnchArmorDragonplateGauntlets06","False","both"
"072AEA:Skyrim.esm","VendorGoldInn","False","container-only"
"03505E:Skyrim.esm","LootWarlockArmor15","False","container-only"
"10F5E7:Skyrim.esm","LItemFoodSalt","False","container-only"
"10EE0D:Skyrim.esm","CWBearArmorPlayerReward","False","unreached"
"0FDA14:Skyrim.esm","LItemEnchArmorLightGauntletsNoDragon","True","both"
"10F75E:Skyrim.esm","LItemEnchDaedricAnyArmor","False","unreached"
"0CB3E5:Skyrim.esm","LItemEnchDaedricWeaponParalyze","False","unreached"
"037C0E:Skyrim.esm","BaseArrowSteel75","False","both"
"02B9B0:Dragonborn.esm","DLC2SublistEnchStalhrimGreatswordMagicka","True","container-only"
"02BC38:Dragonborn.esm","DLC2LItemEnchWeaponAnySpecial","False","container-only"
"0ABF42:Skyrim.esm","OutfitListSoldierImperialOfficer","False","actor-only"
"07A830:Skyrim.esm","SublistEnchArmorHideBoots01","False","both"
"0715AC:Skyrim.esm","LootCWImperialsIngots100","False","container-only"
"0FD990:Skyrim.esm","SublistEnchArmorOrcishCuirass03","False","both"
"014CF6:Dawnguard.esm","DLC1LItemAmmoDwarvenBoltGated","False","container-only"
"01CB82:Skyrim.esm","SublistEnchOrcishWarhammerTurn","True","both"
"08FFE9:Skyrim.esm","LItemEnchOrcishBattleaxeFrost","True","unreached"
"09BC3C:Skyrim.esm","LitemArmorShieldHeavyBlacksmith","True","both"
"064A67:Skyrim.esm","LItemDA13ArmorShieldHeavy","True","actor-only"
"01FF0A:Dragonborn.esm","DLC2LItemWeaponWarhammerDremora","True","container-only"
"03525C:Skyrim.esm","LItemStaffDestruction50","False","both"
"070C10:Skyrim.esm","LootDwarvenEnchArmor100","False","container-only"
"089A48:Skyrim.esm","SublistEnchGlassWarhammerFrost","True","both"
"05ADA7:Skyrim.esm","LItemOreIron","False","unreached"
"02B9CD:Dragonborn.esm","DLC2SublistEnchStalhrimSwordTurn","True","container-only"
"03AD84:Skyrim.esm","DeathItemFalmer","False","unreached"
"085D58:Skyrim.esm","FFRiften20SarthisDeathItem","False","unreached"
"02BA9C:Dragonborn.esm","DLC2SublistEnchArmorStalhrimLightCuirass05","False","container-only"
"02AAE8:Dragonborn.esm","DLC2SublistEnchNordicSwordStamina","True","container-only"
"0374EA:Dragonborn.esm","DLC2LItemWeaponAny1HTown","False","container-only"
"0CB3D9:Skyrim.esm","LItemEnchDaedricBow","False","both"
"092A11:Skyrim.esm","SublistEnchArmorSteelPlateGauntlets04","False","both"
"02B9A8:Dragonborn.esm","DLC2SublistEnchStalhrimDaggerAbsorbStamina","True","container-only"
"0899F1:Skyrim.esm","SublistEnchGlassMaceTurn","True","both"
"01ED22:Skyrim.esm","LootFalmerEnchWeapons100","False","container-only"
"0D16E9:Skyrim.esm","LItemMS09HeavyBoots","True","actor-only"
"092B0F:Skyrim.esm","LItemBarrelFoodSame75","False","container-only"
"0899FB:Skyrim.esm","SublistEnchGlassSwordTurn","True","both"
"01710E:Skyrim.esm","LItemIngotQuicksilver50","False","container-only"
"0C9A24:Skyrim.esm","LItemEnchOrcishGreatsword","False","both"
"08AB0A:Skyrim.esm","SublistEnchDaedricBowTurn","True","both"
"09AF0E:Skyrim.esm","LItemMiscVendorMineralsRaw50","True","both"
"01A31F:Dawnguard.esm","DLC1SublistKeeperBow","False","unreached"
"035061:Skyrim.esm","LootWarlockEnchArmor100","False","container-only"
"02BA98:Dragonborn.esm","DLC2SublistEnchArmorStalhrimHeavyBoots06","False","container-only"
"0A273D:Skyrim.esm","LItemSpellTomes25MixedSkills","False","actor-only"
"0B5072:Skyrim.esm","SublistEnchArmorLeatherCuirass02","False","both"
"107323:Skyrim.esm","SublistEnchGlassMaceAbsorbMagicka","True","both"
"02AAD0:Dragonborn.esm","DLC2SublistEnchNordicWarhammerFrost","True","container-only"
"0647AE:Skyrim.esm","LItemForswornBossGauntlets","False","unreached"
"1031A7:Skyrim.esm","LItemEnchWeaponWarhammerSpecial","True","container-only"
"10FE65:Skyrim.esm","TG02MercLItemWarAxe","False","actor-only"
"074A36:Skyrim.esm","LItemPoisonMagicEffectsBest","False","both"
"0F627E:Skyrim.esm","LItemBlacksmithMinWaraxe","True","container-only"
"105EF8:Skyrim.esm","LItemEnchWarlockRobes","True","actor-only"
"0899CF:Skyrim.esm","SublistEnchGlassBowParalyze","True","both"
"10E0E4:Skyrim.esm","LootBookRandom05","True","actor-only"
"08A9A3:Skyrim.esm","SublistEnchDaedricBattleAxeShock","True","both"
"02B9C0:Dragonborn.esm","DLC2SublistEnchStalhrimMaceSoulTrap","True","container-only"
"000F00:Skyrim.esm","SublistArmorShieldDragonplateBest05","False","both"
"0C2966:Skyrim.esm","LootPotionRestoreHMS25","False","container-only"
"03A1B3:Skyrim.esm","LItemPotionFortifyMagicka","True","actor-only"
"08B646:Skyrim.esm","SublistEnchDaedricWarAxeBanish","True","both"
"0A69F4:Skyrim.esm","SublistEnchSteelSwordStamina","True","both"
"10732F:Skyrim.esm","SublistEnchOrcishBattleaxeAbsorbMagicka","True","both"
"0FD9AB:Skyrim.esm","SublistEnchArmorEbonyShield03","False","both"
"0ABF51:Skyrim.esm","OutfitListSoldierSonsOfficer","False","unreached"
"08A38D:Skyrim.esm","LItemSoldierImperialCuirass","True","unreached"
"0ABF4C:Skyrim.esm","OutfitListSoldierSons","False","actor-only"
"0F3929:Skyrim.esm","TGStrongboxIngots50","False","unreached"
"100E70:Skyrim.esm","LItemEnchRingLightArmor","True","both"
"00D0DE:Dawnguard.esm","DLC1SublistEnchDwarvenCrossbowTurn","True","actor-only"
"03CA92:Dragonborn.esm","DLC2DeathItemMiraak","False","unreached"
"09F7ED:Skyrim.esm","WE17BanditOutfitList3","False","actor-only"
"010960:Dawnguard.esm","DLC1LItemDaedricArrmor","False","unreached"
"10FAC0:Skyrim.esm","LootForswornIngredients10","False","actor-only"
"1072E4:Skyrim.esm","SublistEnchDwarvenMaceAbsorbMagicka","True","both"
"01C58E:Skyrim.esm","SublistEnchOrcishSwordFear","True","both"
"0E2D3C:Skyrim.esm","CW01BPlayerHelpItems","False","unreached"
"08A0F8:Skyrim.esm","SublistEnchEbonyGreatswordBanish","True","both"
"0C3498:Skyrim.esm","CWPlayerUniformSons","False","unreached"
"02B0EB:Dragonborn.esm","DLC2SublistEnchStalhrimBowFrost","True","container-only"
"0A2732:Skyrim.esm","LItemSpellTomes50Illusion","False","container-only"
"03CA94:Dragonborn.esm","DLC2MQ06MiraakRewardStaff","True","unreached"
"10FCF1:Skyrim.esm","LItemSpellTomes75Spells","False","container-only"
"10853E:Skyrim.esm","LItemSummersetShadowsArmor","False","actor-only"
"0CB3E9:Skyrim.esm","LItemEnchDaedricWeaponTurn","False","unreached"
"05BF17:Skyrim.esm","MQ304TsunBattleAxe","True","actor-only"
"0B5566:Skyrim.esm","LootBanditEnchWeapons15","False","container-only"
"017159:Skyrim.esm","LItemSoldierSonsWarhammer","True","both"
"000F0B:Skyrim.esm","SublistWeaponBattleaxeDaedric05","False","both"
"10E0DE:Skyrim.esm","LootDrinkList25","False","both"
"00D6F7:Dawnguard.esm","DLC1DeathItemDeathHound","False","unreached"
"08778C:Skyrim.esm","LootBanditGems25","False","both"
"100E6C:Skyrim.esm","LItemEnchRingEnchanting","False","both"
"10D9C2:Skyrim.esm","LItemBarrelFoodRawMeatSame","False","container-only"
"0165C1:Skyrim.esm","LItemWeaponWarhammerTown","True","both"
"064A68:Skyrim.esm","LItemDA13ArmorShieldLight20","True","actor-only"
"04B576:Skyrim.esm","SublistEnchIronWarAxeFire","True","both"
"089D59:Skyrim.esm","SublistEnchEbonyBowFrost","True","both"
"01674F:Skyrim.esm","LItemArmorGauntletsAnyTown","False","container-only"
"000F3F:Skyrim.esm","SublistEnchArmorShield04Dragonplate05","False","both"
"02BC15:Dragonborn.esm","DLC2BaseArrowNordic75","False","both"
"02B0DE:Dragonborn.esm","DLC2SublistEnchStalhrimBattleaxeFear","True","container-only"
"070FFB:Skyrim.esm","LootVampireSoulGems25","False","container-only"
"0B4207:Skyrim.esm","LootDraugrSoulGems100","False","container-only"
"0B421E:Skyrim.esm","SublistEnchArmorStuddedCuirass01","False","both"
"02C495:Dragonborn.esm","DLC2SublistEnchStahlrimDaggerChaos","True","container-only"
"1072F8:Skyrim.esm","SublistEnchEbonyMaceAbsorbHealth","True","both"
"01CFD6:Skyrim.esm","SublistEnchDwarvenDaggerMagicka","True","both"
"00D6F8:Dawnguard.esm","DLC1DeathItemChaurusHunter","False","unreached"
"0F627C:Skyrim.esm","LootWarlockSoulGems10","False","both"
"0ABF49:Skyrim.esm","ArmorStormcloakSetHelmetFullFace","False","actor-only"
"01D2AA:Skyrim.esm","SublistEnchElvenMaceStamina","True","both"
"089DB0:Skyrim.esm","SublistEnchEbonyDaggerParalyze","True","both"
"072AE7:Skyrim.esm","VendorGoldMisc","False","container-only"
"017747:Dragonborn.esm","DLC2LItemIldariRobesDestruction","True","unreached"
"0FD9F8:Skyrim.esm","SublistEnchArmorGlassGauntlets04","False","both"
"0FF20F:Skyrim.esm","TGCachePotionsSpecial25","False","container-only"
"10FCFB:Skyrim.esm","LItemBarrelFoodSame70","False","container-only"
"08B31E:Skyrim.esm","SublistEnchDaedricDaggerShock","True","both"
"0FDA15:Skyrim.esm","LItemEnchArmorLightHelmetNoDragon","True","both"
"107336:Skyrim.esm","SublistEnchOrcishGreatswordAbsorbStamina","True","both"
"01B3A7:Skyrim.esm","ArmorScaledSet","False","unreached"
"1072D9:Skyrim.esm","SublistEnchDaedricWarhammerAbsorbStamina","True","both"
"08B60D:Skyrim.esm","SublistEnchDaedricMaceFire","True","both"
"0DDD75:Skyrim.esm","LItemEnchEbonyBattleaxeBoss","False","unreached"
"01EBD6:Skyrim.esm","LootFalmerSoulGems25","False","both"
"01713B:Skyrim.esm","LItemSoldierImperialArmor","True","unreached"
"089925:Skyrim.esm","SublistEnchIronMaceSoulTrap","True","both"
"0292A9:Dragonborn.esm","DLC2RR02VendilDeathItem","False","unreached"
"10DDB9:Skyrim.esm","LItemSoulGemFullNoBlack","True","container-only"
"01A17E:Dawnguard.esm","DLC1LItemKeeperBowWeapon","True","actor-only"
"02BA99:Dragonborn.esm","DLC2SublistEnchArmorStalhrimLightCuirass03","False","container-only"
"016E1D:Skyrim.esm","LItemRobesCollegeDestruction","True","container-only"
"10C1E4:Skyrim.esm","LItemIngredientJuniperBerries75","False","container-only"
"070C6C:Skyrim.esm","LootWerewolfJewelry15","False","container-only"
"070CCD:Skyrim.esm","LootWerewolfSoulGems100","False","container-only"
"101C26:Skyrim.esm","LootGoldChangeUrns","False","unreached"
"0374E6:Dragonborn.esm","DLC2LItemWeaponGreatSwordTown","True","container-only"
"0B4219:Skyrim.esm","SublistEnchArmorHideGauntlets03","False","both"
"03AC20:Skyrim.esm","LootDraugrChestPotions25","False","container-only"
"017119:Skyrim.esm","LootFalmerRandomSublist","False","actor-only"
"070F2F:Skyrim.esm","LootVampireEnchWeapons15","False","container-only"
"08992B:Skyrim.esm","SublistEnchIronWarhammerSoulTrap","True","both"
"10DF69:Skyrim.esm","LItemEnchNecklaceSmithing","True","both"
"03AD7C:Skyrim.esm","DeathItemElkMale","False","unreached"
"0D06FD:Skyrim.esm","LootGiantEnchWeapons25","False","container-only"
"05BF04:Skyrim.esm","SublistEnchIronWarAxeStamina","True","both"
"01E1AC:Dragonborn.esm","DLC2ChitinHeavyHelmet50","False","actor-only"
"0F77F3:Skyrim.esm","LootDragonArmor25","False","unreached"
"02AAE6:Dragonborn.esm","DLC2SublistEnchNordicSwordShock","True","container-only"
"0C9A29:Skyrim.esm","LItemEnchOrcishWeaponFear","False","unreached"
"0AE730:Skyrim.esm","SublistEnchHuntingBowShock","True","both"
"01D24A:Skyrim.esm","ArmorImperialStuddedSet","False","actor-only"
"0FDA07:Skyrim.esm","SublistEnchArmorDragonscaleBoots06","False","both"
"08A103:Skyrim.esm","SublistEnchEbonyMaceFear","True","both"
"10FACC:Skyrim.esm","DeathItemDraugrMage","False","unreached"
"02AA0D:Dragonborn.esm","DLC2LItemBook3Combined","False","container-only"
"0899F5:Skyrim.esm","SublistEnchGlassSwordFrost","True","both"
"01C096:Skyrim.esm","SublistEnchOrcishBattleaxeSoulTrap","True","both"
"10C1E6:Skyrim.esm","LItemIngredientJuniperBerries","False","container-only"
"070C1A:Skyrim.esm","LootDwarvenScrolls10","False","container-only"
"10CD65:Skyrim.esm","LItemFoodFishHistcarp25","False","container-only"
"0AC971:Skyrim.esm","PerkInvestorSolitudeFletcherList","False","unreached"
"01D273:Skyrim.esm","SublistEnchDwarvenSwordTurn","True","both"
"100E87:Skyrim.esm","LItemEnchRingSkillStealth","False","both"
"032C76:Dragonborn.esm","DLC2LootRieklingSpears50","False","container-only"
"08B649:Skyrim.esm","SublistEnchArmorDwarvenBoots04","False","both"
"10C1FC:Skyrim.esm","LItemIngredientMushroom02","False","container-only"
"089935:Skyrim.esm","LItemEnchIronWeaponFrost","False","unreached"
"0A6A1C:Skyrim.esm","SublistEnchSteelDaggerShock","True","both"
"03A5A6:Skyrim.esm","LootBanditChestPotions15","False","container-only"
"0CB3CA:Skyrim.esm","LItemEnchEbonyMace","False","both"
"01D2B2:Skyrim.esm","SublistEnchElvenSwordStamina","True","both"
"000F4C:Skyrim.esm","SublistEnchArmorGauntlets05Dragonscale05","False","both"
"02AAD3:Dragonborn.esm","DLC2SublistEnchNordicWarhammerShock","True","container-only"
"07161B:Skyrim.esm","LootCWImperialsGoldBoss","True","container-only"
"02B0D9:Dragonborn.esm","DLC2LItemEnchNordicWarhammer","False","container-only"
"10FE62:Skyrim.esm","TG02MercLItemWeaponMissile","False","actor-only"
"105EED:Skyrim.esm","LItemWarlockRobesDestruction","True","actor-only"
"10EB2F:Skyrim.esm","LItemWeapon1HIronAndSteelOnly","False","actor-only"
"08A107:Skyrim.esm","SublistEnchEbonyMaceParalyze","True","both"
"000F0C:Skyrim.esm","SublistWeaponBattleaxeDaedricBest05","False","actor-only"
"089928:Skyrim.esm","LItemEnchIronBattleaxe","False","both"
"02B0C0:Dragonborn.esm","DLC2SublistEnchNordicDaggerParalyze","True","container-only"
"1046DE:Skyrim.esm","LootCitizenNecklaceList75","False","actor-only"
"08B610:Skyrim.esm","SublistEnchDaedricMaceParalyze","True","both"
"0AE732:Skyrim.esm","SublistEnchHuntingBowStamina","True","both"
"08B60A:Skyrim.esm","SublistEnchDaedricGreatswordTurn","True","both"
"107342:Skyrim.esm","SublistEnchOrcishWarhammerAbsorbStamina","True","both"
"08B76C:Skyrim.esm","SublistEnchDaedricWarAxeFire","True","both"
"0A297A:Skyrim.esm","LItemSpellTomes00AllSpells","False","container-only"
"015CCA:Dawnguard.esm","DLC1SublistEnchVampireRobesConjuration","True","actor-only"
"000F4B:Skyrim.esm","SublistEnchArmorGauntlets04Dragonscale05","False","both"
"02B9D5:Dragonborn.esm","DLC2SublistEnchStalhrimWarAxeFrost","True","both"
"04B14A:Skyrim.esm","SublistEnchIronSwordShock","True","both"
"02BC2F:Dragonborn.esm","DLC2LItemSpecialLoot10","False","container-only"
"037503:Dragonborn.esm","DLC2LItemEnchArmorHeavyBootsNoDragon","True","container-only"
"0AE73A:Skyrim.esm","SublistEnchImperialBowStamina","True","both"
"0B4203:Skyrim.esm","LootDraugrArrows100","False","container-only"
"070EA3:Skyrim.esm","LootWerewolfGold","True","container-only"
"0C3C9B:Skyrim.esm","DeathItemBandit","False","unreached"
"07A834:Skyrim.esm","SublistEnchArmorHideShield01","False","both"
"000EF8:Skyrim.esm","SublistArmorGauntletsDragonplateBest05","False","container-only"
"02C44E:Dragonborn.esm","DLC2LootDwarvenEnchWeapon20","False","container-only"
"0C9A34:Skyrim.esm","LItemEnchDwarvenGreatSword","False","both"
"026B4A:Dragonborn.esm","DLC2BonemoldHelmet50","False","actor-only"
"0351DD:Skyrim.esm","LItemStaffConjuration75","False","both"
"0DDD71:Skyrim.esm","LItemDraugr04BossWeapon2HMagic","True","actor-only"
"02B9A4:Dragonborn.esm","DLC2SublistEnchStalhrimDaggerStamina","True","container-only"
"0F4C7F:Skyrim.esm","LItemArmorDwarvenBootsHeavy","True","unreached"
"02AAF5:Dragonborn.esm","DLC2SublistEnchNordicMaceStamina","True","container-only"
"089905:Skyrim.esm","SublistEnchIronSwordFear","True","both"
"02930F:Dragonborn.esm","DLC2ExpSpiderLItemGemRubyFlawless","False","unreached"
"065A4A:Skyrim.esm","LItemPotionFortifyBlockBest","True","container-only"
"00D0E7:Dawnguard.esm","DLC1SublistEnchCrossbowShock","True","actor-only"
"10D964:Skyrim.esm","LItemFoodSaltSmall","False","container-only"
"0AE73E:Skyrim.esm","SublistEnchOrcishBowFrost","True","both"
"1046D3:Skyrim.esm","LootCitizenPocketsRich","False","actor-only"
"0FFE9F:Skyrim.esm","LItemLeatherAndStrips75","False","container-only"
"0FD9CE:Skyrim.esm","SublistEnchArmorDragonplateHelmet06","False","both"
"01CB39:Skyrim.esm","SublistEnchOrcishWarhammerMagicka","True","both"
"0D16EA:Skyrim.esm","LItemMS09HeavyCuirass","True","actor-only"
"02BA63:Dragonborn.esm","DLC2SublistEnchArmorChitinHeavyBoots02","False","container-only"
"016742:Skyrim.esm","LItemArmorGauntletsAny","False","both"
"04B149:Skyrim.esm","SublistEnchIronSwordFrost","True","both"
"0FF7E2:Skyrim.esm","LItemEnchBlacksmithBow75","True","container-only"
"0442FF:Skyrim.esm","LItemForswornBossCuirass","False","unreached"
"0CB3E2:Skyrim.esm","LItemEnchDaedricWeaponFire","False","unreached"
"0FF7E0:Skyrim.esm","LItemVendorSpellTomes00All50","False","container-only"
"00F1AF:Dawnguard.esm","DLC1VendorGadgetsSorineJurardBoltsEnhanced","False","container-only"
"02C44A:Dragonborn.esm","DLC2LootArrowsAll100","True","container-only"
"000F45:Skyrim.esm","SublistEnchArmorBoots04Dragonscale05","False","both"
"02BAAB:Dragonborn.esm","DLC2SublistEnchArmorStalhrimShield03","False","container-only"
"0352AC:Skyrim.esm","LItemStaffIllusion00","False","both"
"044303:Skyrim.esm","LItemForswornBossWeapon1H","False","actor-only"
"08A0FE:Skyrim.esm","SublistEnchEbonyGreatswordShock","True","both"
"0A3FB3:Skyrim.esm","LItemGutterSaintClothes","False","actor-only"
"09CD44:Skyrim.esm","LItemApothecaryPoisonAll75","False","container-only"
"0A2983:Skyrim.esm","LItemSpellTomes75AllConjuration","False","container-only"
"100E82:Skyrim.esm","LItemEnchRingStaminaRate","True","both"
"04B587:Skyrim.esm","LItemEnchWeaponWarAxe","True","both"
"03183B:Dragonborn.esm","DLC2LootBanditRandom","False","actor-only"
"024332:Skyrim.esm","LItemDraugr05EWeaponBowSublist","False","actor-only"
"02B0F1:Dragonborn.esm","DLC2SublistEnchStalhrimBowTurn","True","container-only"
"0374F7:Dragonborn.esm","DLC2LItemArmorBootsAnyTown","False","container-only"
"0DDD7E:Skyrim.esm","LItemEnchElvenGreatswordBoss","False","actor-only"
"02B99F:Dragonborn.esm","DLC2SublistEnchStalhrimDaggerFrost","True","container-only"
"0FD9C5:Skyrim.esm","SublistEnchArmorDragonplateCuirass06","False","both"
"02BAAD:Dragonborn.esm","DLC2SublistEnchArmorStalhrimShield05","False","container-only"
"00A948:Dawnguard.esm","DLC1DeathItemWrathman","False","unreached"
"0F77F6:Skyrim.esm","LootDragonWeapon25","False","unreached"
"024DE6:Dragonborn.esm","DLC2RRFavorGoldAward","True","unreached"
"065A45:Skyrim.esm","LItemPotionRestoreHealthBest","True","both"
"026B4D:Dragonborn.esm","DLC2ChitinLightHelmet50","False","actor-only"
"101C94:Skyrim.esm","LItemFoodBlackBriarMeadPrivateReserve10","False","both"
"1051F2:Skyrim.esm","LItemLockPick100","False","actor-only"
"01C9C7:Skyrim.esm","SublistEnchOrcishWarAxeShock","True","both"
"02B0EE:Dragonborn.esm","DLC2SublistEnchStalhrimBowShock","True","container-only"
"0CB3CB:Skyrim.esm","LItemEnchEbonySword","False","both"
"02BA83:Dragonborn.esm","DLC2SublistEnchArmorNordicHeavyCuirass05","False","container-only"
"070C14:Skyrim.esm","LootDwarvenGems100","False","container-only"
"0B5105:Skyrim.esm","SublistEnchArmorSteelShield02","True","both"
"01FF0D:Dragonborn.esm","DLC2LItemWeaponDaggerDremora","True","container-only"
"105248:Skyrim.esm","LItemNecromancerRobesRestoration","True","both"
"0165D8:Skyrim.esm","LItemWeaponAny2HTown","False","both"
"03AD98:Skyrim.esm","DeathItemSabrecatSnow","False","unreached"
"09AF15:Skyrim.esm","LItemMiscVendorClothing75","False","container-only"
"08990C:Skyrim.esm","SublistEnchIronBattleaxeFrost","True","both"
"01D298:Skyrim.esm","SublistEnchElvenDaggerShock","True","both"
"0A2735:Skyrim.esm","LItemSpellTomes50Alteration","False","container-only"
"017109:Skyrim.esm","LItemIngotDwarven50","False","container-only"
"02BC19:Dragonborn.esm","DLC2LItemArmorBootsHeavy","True","container-only"
"08A0FD:Skyrim.esm","SublistEnchEbonyGreatswordParalyze","True","both"
"0559FA:Skyrim.esm","LItemDraugr05EWeapon1HShield","False","actor-only"
"0F84B4:Skyrim.esm","TGPotionofEscape","True","container-only"
"05ADA3:Skyrim.esm","LItemOreQuicksilver","False","unreached"
"02AA0C:Dragonborn.esm","DLC2LItemBook2Combined","True","container-only"
"08B31B:Skyrim.esm","SublistEnchDaedricDaggerMagicka","True","both"
"045FE9:Skyrim.esm","LItemSoldierSonsShield","True","both"
"039ED1:Skyrim.esm","LItemPotionFortifyConjuration","True","both"
"0AF00C:Skyrim.esm","TGRewardPotionFortifyStealthSkillsBest","False","both"
"0F8A4A:Skyrim.esm","LItemEnchWeaponWarAxeBest","True","unreached"
"02C44D:Dragonborn.esm","DLC2LootDwarvenWeapon15","False","container-only"
"070F87:Skyrim.esm","LootVampireGoldBoss","True","container-only"
"02BC13:Dragonborn.esm","DLC2LItemWeaponWarAxe","True","both"
"107347:Skyrim.esm","LItemEnchCircletEnchanting","False","both"
"065A75:Skyrim.esm","LItemPoisonDrainDestruction","False","both"
"09BC34:Skyrim.esm","LItemArmorBootsHeavyBlacksmith","True","both"
"0FD9C2:Skyrim.esm","SublistEnchArmorDaedricShield06","False","both"
"089DE3:Skyrim.esm","SublistEnchEbonyDaggerSoulTrap","True","both"
"037841:Dragonborn.esm","DLC2VendorBlacksmithEnchArmor100","False","unreached"
"10BF74:Skyrim.esm","LItemFoodCarrot","False","container-only"
"0336A1:Dragonborn.esm","DLC2DeathItemAshHopper","False","unreached"
"06883B:Skyrim.esm","LootDraugrArmor25","False","container-only"
"03A164:Skyrim.esm","LItemPotionFortifyCombatSkills","False","both"
"10D9CE:Skyrim.esm","LItemFoodMeatPheasant","False","container-only"
"0CAF55:Skyrim.esm","LItemEnchElvenWeaponMagicka","False","unreached"
"088510:Skyrim.esm","LootDraugrJewelry15","False","both"
"08A998:Skyrim.esm","SublistEnchEbonyWarhammerStamina","True","both"
"037C21:Skyrim.esm","LItemBanditWeapon2H","False","actor-only"
"0899D6:Skyrim.esm","SublistEnchGlassDaggerFire","True","both"
"10C1F3:Skyrim.esm","LItemIngredientFrostMirriam75","False","container-only"
"1046D8:Skyrim.esm","LItemJewelryRing25","True","container-only"
"02BA95:Dragonborn.esm","DLC2SublistEnchArmorStalhrimHeavyBoots04","False","container-only"
"02B9EB:Dragonborn.esm","DLC2LItemEnchStalhrimBow","False","container-only"
"02C44C:Dragonborn.esm","DLC2LootDwarvenArmor15","False","container-only"
"0374FE:Dragonborn.esm","DLC2BlackSmithStalhrimWeapon75","False","container-only"
"0899D3:Skyrim.esm","SublistEnchGlassBowTurn","True","both"
"000F41:Skyrim.esm","SublistEnchArmorShield06Dragonplate05","False","both"
"065A72:Skyrim.esm","LItemPotionCureHMS","False","both"
"071536:Skyrim.esm","LootCWImperialsEnchWeapons100","False","container-only"
"09BC3E:Skyrim.esm","LItemWeaponBattleAxeBlacksmith","True","both"
"0FD9CC:Skyrim.esm","SublistEnchArmorDragonplateHelmet04","False","both"
"08A14C:Skyrim.esm","SublistEnchEbonyWarAxeSoulTrap","True","both"
"0571A0:Skyrim.esm","LItemArmorCuirassLightBest","True","unreached"
"02B0B6:Dragonborn.esm","DLC2SublistEnchNordicBowStamina","True","container-only"
"01D25A:Skyrim.esm","SublistEnchDwarvenDaggerStamina","True","both"
"0FD996:Skyrim.esm","SublistEnchArmorOrcishHelmet03","False","both"
"0128A2:Dawnguard.esm","DLC1DeathItemWerewolf","False","unreached"
"0FCC16:Skyrim.esm","TGLvlItemNightingaleChest","True","unreached"
"01B3A6:Skyrim.esm","ArmorStuddedSet","False","unreached"
"0FD9ED:Skyrim.esm","SublistEnchArmorElvenGildedCuirass05","False","both"
"01715B:Skyrim.esm","LItemSoldierSonsGreatsword","True","both"
"10734B:Skyrim.esm","LItemEnchCircletRestoration","True","both"
"10F8BB:Skyrim.esm","AtrFrgRecipeListChest","False","container-only"
"10FE83:Skyrim.esm","ArmorStormcloakHelmetsNoFullFace","False","actor-only"
"1072E0:Skyrim.esm","SublistEnchDwarvenGreatswordAbsorbHealth","True","both"
"044308:Skyrim.esm","LItemForswornBossHelmet","False","unreached"
"10C1FB:Skyrim.esm","LItemIngredientMushroom01","False","container-only"
"03A1B6:Skyrim.esm","LItemPotionFortifyStamina","True","unreached"
"02C442:Dragonborn.esm","DLC2LootDraugrArmor25","False","container-only"
"0571A6:Skyrim.esm","LItemArmorHelmetLightBest","True","unreached"
"04B148:Skyrim.esm","SublistEnchIronSwordFire","True","both"
"02B0D1:Dragonborn.esm","DLC2SublistEnchNordicGreatswordTurn","True","container-only"
"01711A:Skyrim.esm","LItemHagravenClaw25","False","unreached"
"02AADF:Dragonborn.esm","DLC2SublistEnchNordicSwordAbsorbStamina","True","container-only"
"10FAD2:Skyrim.esm","LootWarlockRecipes05","False","actor-only"
"01868D:Dawnguard.esm","DLC1LootElvenArrows25","False","container-only"
"000F44:Skyrim.esm","SublistEnchArmorShield06Daedric05","False","both"
"03784B:Dragonborn.esm","DLC2LItemDrink75","False","container-only"
"0714B3:Skyrim.esm","LootCWImperialsEnchArmor15","False","container-only"
"037505:Dragonborn.esm","DLC2LItemEnchArmorHeavyGauntletsNoDragon","True","container-only"
"0571B1:Skyrim.esm","LItemArmorShieldAnyBest","False","actor-only"
"071522:Skyrim.esm","LootCWSonsArrows25","False","container-only"
"02BA5D:Dragonborn.esm","DLC2SublistEnchArmorChitinHeavyHelmet02","False","container-only"
"070ED0:Skyrim.esm","LootVampireChestPotions15","False","both"
"05ADA8:Skyrim.esm","LItemOreGold","False","unreached"
"0AE745:Skyrim.esm","LItemEnchHuntingBow","False","both"
"02B0D5:Dragonborn.esm","DLC2LItemEnchNordicGreatsword","False","container-only"
"037840:Dragonborn.esm","DLC2LItemEnchArmorLightNoDragon","False","container-only"
"01CA39:Skyrim.esm","SublistEnchOrcishWarAxeStamina","True","both"
"02C448:Dragonborn.esm","DLC2LootDraugrWeapon100","False","container-only"
"07D976:Skyrim.esm","SublistThalmorElvenGildedArmorWithHelmet","False","actor-only"
"04A41B:Skyrim.esm","FavorRewardGoldLarge","False","unreached"
"10DDBB:Skyrim.esm","LItemSoulGemEmptyNoBlack","True","container-only"
"0DDD7F:Skyrim.esm","LItemEnchGlassGreatswordBoss","False","actor-only"
"0E0FD8:Skyrim.esm","LItemStaffAlteration75NPC","False","unreached"
"03531A:Skyrim.esm","LItemStaff25","False","both"
"0DDD99:Skyrim.esm","LItemEnchOrcishMaceBoss","False","actor-only"
"03A171:Skyrim.esm","LItemPotionRestoreMagicka","True","both"
"035314:Skyrim.esm","LItemStaffRestoration50","False","both"
"107348:Skyrim.esm","LItemEnchCircletIllusion","True","both"
"01D27D:Skyrim.esm","SublistEnchDwarvenWarhammerFire","True","both"
"03DF22:Skyrim.esm","LItemBanditBossShield","True","actor-only"
"02B9C1:Dragonborn.esm","DLC2SublistEnchStalhrimMaceStamina","True","container-only"
"105247:Skyrim.esm","LItemNecromancerRobesIllusion","True","container-only"
"000F38:Skyrim.esm","SublistEnchArmorGauntlets06Dragonplate05","False","both"
"101C27:Skyrim.esm","LootPotionRestoreHMSUrns","False","container-only"
"037C18:Skyrim.esm","LItemBanditMace","True","actor-only"
"09406C:Skyrim.esm","SublistEnchOrcishDaggerSoulTrap","True","both"
"10FD8B:Skyrim.esm","LootPerkGoldenTouch","False","container-only"
"046055:Skyrim.esm","LItemSoldierSonsWeaponShield","False","both"
"01CA07:Skyrim.esm","SublistEnchOrcishWarAxeSoulTrap","True","both"
"03A1BC:Skyrim.esm","LItemPotionResistMagic","True","both"
"01CBD9:Skyrim.esm","SublistEnchDwarvenBattleaxeFire","True","both"
"043BCE:Skyrim.esm","LItemForswornCuirass","False","actor-only"
"000F1E:Skyrim.esm","SublistEnchWeaponBowDaedricBest05","False","unreached"
"018ECB:Skyrim.esm","LItemDraugrShield","True","unreached"
"06A3C4:Skyrim.esm","LootForswornChestPotions100","False","container-only"
"065A5A:Skyrim.esm","LItemPotionFortifyStaminaBest","True","unreached"
"10E0F6:Skyrim.esm","TGRewardGoldRadiant","True","unreached"
"10FAC6:Skyrim.esm","LootDraugrJewelry05","False","actor-only"
"071277:Skyrim.esm","LootHagravenScrolls10","False","container-only"
"09BC39:Skyrim.esm","LItemArmorGauntletsLightBlacksmith","True","both"
"017006:Skyrim.esm","LItemEnchDaedricWeaponDremoraFire","False","actor-only"
"0D8835:Skyrim.esm","TGEnchJewelry","False","both"
"0DDD92:Skyrim.esm","LItemEnchSteelSwordBoss","False","actor-only"
"03DED1:Skyrim.esm","LootBanditGoldBoss","True","both"
"065A4F:Skyrim.esm","LItemPotionFortifyLightArmorBest","True","both"
"03B562:Dragonborn.esm","DLC2dunHaknirGhostLeveledList","True","unreached"
"000EF7:Skyrim.esm","SublistArmorGauntletsDaedricBest05","False","unreached"
"060038:Skyrim.esm","LootForswornGems10","False","container-only"
"0899C4:Skyrim.esm","SublistEnchGlassBattleaxeParalyze","True","both"
"01FF13:Dragonborn.esm","DLC2LItemEnchWeaponWarAxeBest","True","both"
"03AD9E:Skyrim.esm","DeathItemWolf","False","unreached"
"037C25:Skyrim.esm","LItemBanditGauntlets50","True","actor-only"
"0D790B:Skyrim.esm","CoinPurseGoldSmall","False","actor-only"
"0C9A22:Skyrim.esm","LItemEnchOrcishBattleaxe","False","both"
"10D9CD:Skyrim.esm","LItemFoodMeatHorker","False","container-only"
"0FD9C3:Skyrim.esm","SublistEnchArmorDragonplateCuirass04","False","both"
"011D65:Dawnguard.esm","DLC1LItemStaffFalmer25","False","actor-only"
"0F1B32:Skyrim.esm","MG04RewardLVL","True","unreached"
"0FF9F2:Skyrim.esm","MQ203AkaviriKatana","True","unreached"
"0FF7E1:Skyrim.esm","LItemWeaponBlacksmithBow75","True","container-only"
"0DDDA2:Skyrim.esm","LItemEnchSteelWarAxeBoss","False","actor-only"
"006777:Dawnguard.esm","DLC1LItemVampireCuirass","False","actor-only"
"10FE63:Skyrim.esm","TG02MercLItemMace","False","actor-only"
"01D25B:Skyrim.esm","SublistEnchDwarvenDaggerTurn","True","both"
"10D9CF:Skyrim.esm","LItemFoodMeatRabbit","False","container-only"
"089911:Skyrim.esm","SublistEnchIronBattleaxeTurn","True","both"
"104ABC:Skyrim.esm","LootStaffsAll25","True","actor-only"
"0C9A40:Skyrim.esm","LItemEnchDwarvenWeaponSoulTrap","False","unreached"
"065A50:Skyrim.esm","LItemPotionFortifyLockpickBest","True","container-only"
"08993C:Skyrim.esm","LItemEnchWeaponMagicka","True","unreached"
"089D1D:Skyrim.esm","SublistEnchEbonyBattleaxeFrost","True","both"
"0374F0:Dragonborn.esm","DLC2LItemArmorCuirassLightTown","True","container-only"
"0B5087:Skyrim.esm","SublistEnchArmorIronBoots03","False","both"
"0876A5:Skyrim.esm","LItemJewelryAll","False","both"
"0A6A31:Skyrim.esm","SublistEnchSteelWarhammerTurn","True","both"
"10FAD4:Skyrim.esm","LootVampireRandom","False","actor-only"
"00570A:Dawnguard.esm","DLC1RV05RemainsList","False","unreached"
"02BA55:Dragonborn.esm","DLC2SublistEnchArmorBonemoldHelmet01","False","unreached"
"0CB3CC:Skyrim.esm","LItemEnchEbonyWarAxe","False","both"
"08A13E:Skyrim.esm","SublistEnchEbonySwordFrost","True","both"
"0E962D:Skyrim.esm","OutfitListGuardWhiterunNoHelmet","False","actor-only"
"0571AC:Skyrim.esm","LItemWeaponWarhammerBest","True","unreached"
"02BC3A:Dragonborn.esm","DLC2LootBanditChestBossMagicItem25","False","container-only"
"01D28B:Skyrim.esm","SublistEnchElvenBattleaxeTurn","True","both"
"02BC20:Dragonborn.esm","DLC2LItemArmorHelmetLight","True","container-only"
"043BD7:Skyrim.esm","LItemForswornWeaponArrows","False","unreached"
"05BF02:Skyrim.esm","SublistEnchIronMaceTurn","True","both"
"01C0A5:Skyrim.esm","SublistEnchOrcishBattleaxeStamina","True","both"
"0FD993:Skyrim.esm","SublistEnchArmorOrcishBoots03","False","both"
"0899CE:Skyrim.esm","SublistEnchGlassBowMagicka","True","both"
"000F07:Skyrim.esm","SublistArmorHelmetDragonscale05","False","both"
"065A54:Skyrim.esm","LItemPotionFortifyPickpocketBest","True","both"
"0899FC:Skyrim.esm","SublistEnchGlassWarAxeFear","True","both"
"02BA61:Dragonborn.esm","DLC2SublistEnchArmorChitinHeavyHelmet04","False","container-only"
"017104:Skyrim.esm","VendorBlacksmithEnchArmor75","False","container-only"
"0A69FE:Skyrim.esm","LItemEnchSteelBattleaxe","False","both"
"070C5A:Skyrim.esm","LootWerewolfEnchWeapons15","False","container-only"
"017116:Skyrim.esm","LootSilverHandBooks10","False","actor-only"
"0571A8:Skyrim.esm","LItemArmorShieldHeavyBest","True","actor-only"
"01D2A8:Skyrim.esm","SublistEnchElvenMaceShock","True","both"
"01673E:Skyrim.esm","LItemArmorGauntletsLight","True","both"
"0165E7:Skyrim.esm","LItemArmorShieldAnyTown","False","container-only"
"000EDE:Skyrim.esm","LItemEnchWeaponBowBlacksmith","True","container-only"
